{
  "DroneRF": {
    "smallrf": {
      "clean": {
        "accuracy": 0.9392935982339956,
        "macro_f1": 0.9114561492042959
      },
      "snr_30dB": {
        "accuracy": 0.9403973509933775,
        "macro_f1": 0.913222546812892
      },
      "snr_20dB": {
        "accuracy": 0.9420529801324503,
        "macro_f1": 0.9158596918570172
      },
      "snr_10dB": {
        "accuracy": 0.967439293598234,
        "macro_f1": 0.9547702020127236
      },
      "snr_5dB": {
        "accuracy": 0.8068432671081678,
        "macro_f1": 0.786284751474305
      },
      "snr_0dB": {
        "accuracy": 0.29194260485651213,
        "macro_f1": 0.2599054824327529
      },
      "snr_-5dB": {
        "accuracy": 0.25,
        "macro_f1": 0.2
      },
      "snr_-10dB": {
        "accuracy": 0.25,
        "macro_f1": 0.2
      }
    },
    "resnet": {
      "clean": {
        "accuracy": 0.9459161147902869,
        "macro_f1": 0.9219558674617462
      },
      "snr_30dB": {
        "accuracy": 0.9459161147902869,
        "macro_f1": 0.9219558674617462
      },
      "snr_20dB": {
        "accuracy": 0.9470198675496688,
        "macro_f1": 0.9236831714443655
      },
      "snr_10dB": {
        "accuracy": 0.9486754966887417,
        "macro_f1": 0.9262622722278451
      },
      "snr_5dB": {
        "accuracy": 0.9586092715231788,
        "macro_f1": 0.941447223008527
      },
      "snr_0dB": {
        "accuracy": 0.9718543046357616,
        "macro_f1": 0.9612161277989275
      },
      "snr_-5dB": {
        "accuracy": 0.7505518763796909,
        "macro_f1": 0.4309092677774844
      },
      "snr_-10dB": {
        "accuracy": 0.75,
        "macro_f1": 0.42857142857142855
      }
    },
    "transformer": {
      "clean": {
        "accuracy": 0.9608167770419426,
        "macro_f1": 0.9453037877760436
      },
      "snr_30dB": {
        "accuracy": 0.9624724061810155,
        "macro_f1": 0.9477433309300649
      },
      "snr_20dB": {
        "accuracy": 0.9646799116997793,
        "macro_f1": 0.9509769274342867
      },
      "snr_10dB": {
        "accuracy": 0.9713024282560706,
        "macro_f1": 0.9613934164269735
      },
      "snr_5dB": {
        "accuracy": 0.9470198675496688,
        "macro_f1": 0.9336250566632123
      },
      "snr_0dB": {
        "accuracy": 0.7345474613686535,
        "macro_f1": 0.7190941235735495
      },
      "snr_-5dB": {
        "accuracy": 0.413355408388521,
        "macro_f1": 0.40903115037220966
      },
      "snr_-10dB": {
        "accuracy": 0.3923841059602649,
        "macro_f1": 0.38835864961439237
      }
    },
    "efficientnet": {
      "clean": {
        "accuracy": 0.9475717439293598,
        "macro_f1": 0.9245444459688876
      },
      "snr_30dB": {
        "accuracy": 0.9475717439293598,
        "macro_f1": 0.9245444459688876
      },
      "snr_20dB": {
        "accuracy": 0.9475717439293598,
        "macro_f1": 0.9245444459688876
      },
      "snr_10dB": {
        "accuracy": 0.9503311258278145,
        "macro_f1": 0.9288273001508296
      },
      "snr_5dB": {
        "accuracy": 0.9641280353200883,
        "macro_f1": 0.9496774838571025
      },
      "snr_0dB": {
        "accuracy": 0.9392935982339956,
        "macro_f1": 0.9119317227837564
      },
      "snr_-5dB": {
        "accuracy": 0.75,
        "macro_f1": 0.42857142857142855
      },
      "snr_-10dB": {
        "accuracy": 0.75,
        "macro_f1": 0.42857142857142855
      }
    },
    "ast": {
      "clean": {
        "accuracy": 0.9508830022075055,
        "macro_f1": 0.9303995805019734
      },
      "snr_30dB": {
        "accuracy": 0.9503311258278145,
        "macro_f1": 0.9296771912273287
      },
      "snr_20dB": {
        "accuracy": 0.9508830022075055,
        "macro_f1": 0.9303995805019734
      },
      "snr_10dB": {
        "accuracy": 0.9547461368653422,
        "macro_f1": 0.9361439880353781
      },
      "snr_5dB": {
        "accuracy": 0.9525386313465783,
        "macro_f1": 0.9325737685340791
      },
      "snr_0dB": {
        "accuracy": 0.9398454746136865,
        "macro_f1": 0.9129650398031106
      },
      "snr_-5dB": {
        "accuracy": 0.8868653421633554,
        "macro_f1": 0.836600142786824
      },
      "snr_-10dB": {
        "accuracy": 0.7582781456953642,
        "macro_f1": 0.6661158415508364
      }
    },
    "conformer": {
      "clean": {
        "accuracy": 0.9541942604856513,
        "macro_f1": 0.9348702458670304
      },
      "snr_30dB": {
        "accuracy": 0.9541942604856513,
        "macro_f1": 0.9348702458670304
      },
      "snr_20dB": {
        "accuracy": 0.9541942604856513,
        "macro_f1": 0.9348702458670304
      },
      "snr_10dB": {
        "accuracy": 0.9514348785871964,
        "macro_f1": 0.9305295847006153
      },
      "snr_5dB": {
        "accuracy": 0.9370860927152318,
        "macro_f1": 0.9079031843862353
      },
      "snr_0dB": {
        "accuracy": 0.7996688741721855,
        "macro_f1": 0.6068364113681968
      },
      "snr_-5dB": {
        "accuracy": 0.75,
        "macro_f1": 0.42857142857142855
      },
      "snr_-10dB": {
        "accuracy": 0.75,
        "macro_f1": 0.42857142857142855
      }
    },
    "cnn1d": {
      "clean": {
        "accuracy": 0.9597130242825607,
        "macro_f1": 0.9431047230787692
      },
      "snr_30dB": {
        "accuracy": 0.9591611479028698,
        "macro_f1": 0.9422766971567115
      },
      "snr_20dB": {
        "accuracy": 0.9575055187637969,
        "macro_f1": 0.9397839067264264
      },
      "snr_10dB": {
        "accuracy": 0.9337748344370861,
        "macro_f1": 0.9025224730887788
      },
      "snr_5dB": {
        "accuracy": 0.8901766004415012,
        "macro_f1": 0.8251541104940603
      },
      "snr_0dB": {
        "accuracy": 0.75,
        "macro_f1": 0.42857142857142855
      },
      "snr_-5dB": {
        "accuracy": 0.75,
        "macro_f1": 0.42857142857142855
      },
      "snr_-10dB": {
        "accuracy": 0.75,
        "macro_f1": 0.42857142857142855
      }
    }
  },
  "CageDroneRF": {
    "smallrf": {
      "clean": {
        "accuracy": 0.9871244635193133,
        "macro_f1": 0.9708907675009371
      },
      "snr_30dB": {
        "accuracy": 0.9871244635193133,
        "macro_f1": 0.9708907675009371
      },
      "snr_20dB": {
        "accuracy": 0.9871244635193133,
        "macro_f1": 0.9708907675009371
      },
      "snr_10dB": {
        "accuracy": 0.9213161659513591,
        "macro_f1": 0.8532773590306268
      },
      "snr_5dB": {
        "accuracy": 0.6766809728183119,
        "macro_f1": 0.5889005704292792
      },
      "snr_0dB": {
        "accuracy": 0.7782546494992847,
        "macro_f1": 0.530032055591944
      },
      "snr_-5dB": {
        "accuracy": 0.8783977110157367,
        "macro_f1": 0.4790762513480102
      },
      "snr_-10dB": {
        "accuracy": 0.876967095851216,
        "macro_f1": 0.46722560975609756
      }
    },
    "resnet": {
      "clean": {
        "accuracy": 0.9971387696709585,
        "macro_f1": 0.9933033148112665
      },
      "snr_30dB": {
        "accuracy": 0.9971387696709585,
        "macro_f1": 0.9933033148112665
      },
      "snr_20dB": {
        "accuracy": 0.9971387696709585,
        "macro_f1": 0.9933033148112665
      },
      "snr_10dB": {
        "accuracy": 0.9856938483547926,
        "macro_f1": 0.9681171319102353
      },
      "snr_5dB": {
        "accuracy": 0.703862660944206,
        "macro_f1": 0.6240929862801591
      },
      "snr_0dB": {
        "accuracy": 0.6251788268955651,
        "macro_f1": 0.51851403933116
      },
      "snr_-5dB": {
        "accuracy": 0.7381974248927039,
        "macro_f1": 0.4638874103629071
      },
      "snr_-10dB": {
        "accuracy": 0.8311874105865522,
        "macro_f1": 0.46216744913928015
      }
    },
    "transformer": {
      "clean": {
        "accuracy": 0.9928469241773963,
        "macro_f1": 0.9838282041671873
      },