{
  "clean": {
    "accuracy": 0.9541942604856513,
    "macro_f1": 0.9348702458670304
  },
  "snr_30dB": {
    "accuracy": 0.9541942604856513,
    "macro_f1": 0.9348702458670304
  },
  "snr_20dB": {
    "accuracy": 0.9541942604856513,
    "macro_f1": 0.9348702458670304
  },
  "snr_10dB": {
    "accuracy": 0.9514348785871964,
    "macro_f1": 0.9305295847006153
  },
  "snr_5dB": {
    "accuracy": 0.9370860927152318,
    "macro_f1": 0.9079031843862353
  },
  "snr_0dB": {
    "accuracy": 0.7996688741721855,
    "macro_f1": 0.6068364113681968
  },
  "snr_-5dB": {
    "accuracy": 0.75,
    "macro_f1": 0.42857142857142855
  },
  "snr_-10dB": {
    "accuracy": 0.75,
    "macro_f1": 0.42857142857142855
  }
}