{
  "clean": {
    "accuracy": 0.9971387696709585,
    "macro_f1": 0.9971549333251462
  },
  "snr_30dB": {
    "accuracy": 0.9971387696709585,
    "macro_f1": 0.9971549333251462
  },
  "snr_20dB": {
    "accuracy": 0.9971387696709585,
    "macro_f1": 0.9971549333251462
  },
  "snr_10dB": {
    "accuracy": 0.9413447782546495,
    "macro_f1": 0.9304232790439327
  },
  "snr_5dB": {
    "accuracy": 0.5722460658082976,
    "macro_f1": 0.5290050991715918
  },
  "snr_0dB": {
    "accuracy": 0.23319027181688126,
    "macro_f1": 0.19043784774627368
  },
  "snr_-5dB": {
    "accuracy": 0.06437768240343347,
    "macro_f1": 0.01430056907341236
  },
  "snr_-10dB": {
    "accuracy": 0.034334763948497854,
    "macro_f1": 0.0024588904256954047
  }
}