{
  "val": {
    "accuracy": 0.9914040114613181,
    "macro_f1": 0.9939018300923063,
    "roc_auc": 0.9999347948593217
  },
  "test": {
    "accuracy": 0.9885550786838341,
    "macro_f1": 0.990791419311745,
    "roc_auc": 0.9998670470149476
  },
  "train_time_seconds": 0.5220897197723389
}