{
  "val": {
    "accuracy": 0.9813753581661891,
    "macro_f1": 0.983852213426126,
    "roc_auc": 0.9995306762449906
  },
  "test": {
    "accuracy": 0.9713876967095851,
    "macro_f1": 0.9748353848589475,
    "roc_auc": 0.9985030335775618
  },
  "train_time_seconds": 1.3566524982452393
}