{
  "accuracy": 0.9481236203090507,
  "macro_f1": 0.925404144097429,
  "weighted_f1": 0.9459879895451584,
  "macro_precision": 0.9676531314521679,
  "macro_recall": 0.8962472406181016,
  "roc_auc": 0.9954176798613447,
  "pr_auc": 0.998104168918324,
  "false_positive_rate": 0.20750551876379691,
  "false_negative_rate": 0.0
}