{
  "clean": {
    "accuracy": 0.9608167770419426,
    "macro_f1": 0.9453037877760436
  },
  "snr_30dB": {
    "accuracy": 0.9624724061810155,
    "macro_f1": 0.9477433309300649
  },
  "snr_20dB": {
    "accuracy": 0.9646799116997793,
    "macro_f1": 0.9509769274342867
  },
  "snr_10dB": {
    "accuracy": 0.9713024282560706,
    "macro_f1": 0.9613934164269735
  },
  "snr_5dB": {
    "accuracy": 0.9470198675496688,
    "macro_f1": 0.9336250566632123
  },
  "snr_0dB": {
    "accuracy": 0.7345474613686535,
    "macro_f1": 0.7190941235735495
  },
  "snr_-5dB": {
    "accuracy": 0.413355408388521,
    "macro_f1": 0.40903115037220966
  },
  "snr_-10dB": {
    "accuracy": 0.3923841059602649,
    "macro_f1": 0.38835864961439237
  }
}