{
  "smallrf": {
    "DAUTEL EVO nano": {
      "MSP": {
        "auroc": 0.5368043087971275,
        "aupr": 0.9875231950375313,
        "fpr_at_95tpr": 1.0
      },
      "Energy": {
        "auroc": 0.7120532071160438,
        "aupr": 0.9932204594539207,
        "fpr_at_95tpr": 1.0
      },
      "Mahalanobis": {
        "auroc": 0.5499428757956586,
        "aupr": 0.9874333520974814,
        "fpr_at_95tpr": 1.0
      },
      "OpenMax": {
        "auroc": 0.42606495838093683,
        "aupr": 0.9782001284884275,
        "fpr_at_95tpr": 1.0
      }
    },
    "FLYSKY NV 14": {
      "MSP": {
        "auroc": 0.7919709748857372,
        "aupr": 0.996036644152209,
        "fpr_at_95tpr": 1.0
      },
      "Energy": {
        "auroc": 0.9161758469584884,
        "aupr": 0.9985061042800156,
        "fpr_at_95tpr": 0.7894736842105263
      },
      "Mahalanobis": {
        "auroc": 0.3433539084955002,
        "aupr": 0.9810234809099407,
        "fpr_at_95tpr": 1.0
      },
      "OpenMax": {
        "auroc": 0.7848089337040004,
        "aupr": 0.9944687804289953,
        "fpr_at_95tpr": 1.0
      }
    },
    "JR PROPO XG14": {
      "MSP": {
        "auroc": 0.4936347315162396,
        "aupr": 0.9808023848002618,
        "fpr_at_95tpr": 0.9090909090909091
      },
      "Energy": {
        "auroc": 0.7535090582666885,
        "aupr": 0.9938644523695133,
        "fpr_at_95tpr": 0.6363636363636364
      },
      "Mahalanobis": {
        "auroc": 0.6870817692182145,
        "aupr": 0.9923878493026077,
        "fpr_at_95tpr": 0.9545454545454546
      },
      "OpenMax": {
        "auroc": 0.40084870246450144,
        "aupr": 0.9800018583923495,
        "fpr_at_95tpr": 1.0
      }
    },
    "SIYI MK15": {
      "MSP": {
        "auroc": 0.5314594154190855,
        "aupr": 0.9733209980700003,
        "fpr_at_95tpr": 1.0
      },
      "Energy": {
        "auroc": 0.4401059170995009,
        "aupr": 0.9667567504217242,
        "fpr_at_95tpr": 1.0
      },
      "Mahalanobis": {
        "auroc": 0.8851206843874122,
        "aupr": 0.9949269158466674,
        "fpr_at_95tpr": 0.6888888888888889
      },
      "OpenMax": {
        "auroc": 0.5144312048070068,
        "aupr": 0.9719285771423296,
        "fpr_at_95tpr": 0.9555555555555556
      }
    },
    "YunZhuo-H30": {
      "MSP": {
        "auroc": 0.2282051282051282,
        "aupr": 0.9652444935747077,
        "fpr_at_95tpr": 1.0
      },
      "Energy": {
        "auroc": 0.43367983367983365,
        "aupr": 0.9732851953095026,
        "fpr_at_95tpr": 1.0
      },
      "Mahalanobis": {
        "auroc": 0.8143451143451144,
        "aupr": 0.9949728543559175,
        "fpr_at_95tpr": 0.8461538461538461
      },
      "OpenMax": {
        "auroc": 0.28433818433818436,
        "aupr": 0.9575953485547142,
        "fpr_at_95tpr": 0.8846153846153846
      }
    }
  },
  "resnet": {
    "DAUTEL EVO nano": {
      "MSP": {
        "auroc": 0.5341113105924595,
        "aupr": 0.9809190671872732,
        "fpr_at_95tpr": 1.0
      },
      "Energy": {
        "auroc": 0.8345030194222294,
        "aupr": 0.9949696092216054,
        "fpr_at_95tpr": 0.6363636363636364
      },
      "Mahalanobis": {
        "auroc": 0.8704096621511344,
        "aupr": 0.9972148770035608,
        "fpr_at_95tpr": 0.8181818181818182
      },
      "OpenMax": {
        "auroc": 0.36180022849681737,
        "aupr": 0.9708021056721009,
        "fpr_at_95tpr": 1.0
      }
    },
    "FLYSKY NV 14": {
      "MSP": {
        "auroc": 0.7180417471610988,
        "aupr": 0.9944083525837335,
        "fpr_at_95tpr": 1.0
      },
      "Energy": {
        "auroc": 0.7280780285539273,
        "aupr": 0.99417382972002,
        "fpr_at_95tpr": 1.0
      },
      "Mahalanobis": {
        "auroc": 0.34358950195542576,
        "aupr": 0.9794494039564855,
        "fpr_at_95tpr": 1.0
      },
      "OpenMax": {
        "auroc": 0.5741412618385713,
        "aupr": 0.9887791078347531,
        "fpr_at_95tpr": 1.0
      }
    },
    "JR PROPO XG14": {
      "MSP": {
        "auroc": 0.48937081769218216,
        "aupr": 0.9793206563161565,
        "fpr_at_95tpr": 0.9545454545454546
      },
      "Energy": {
        "auroc": 0.21360372123388283,
        "aupr": 0.9581035444326331,
        "fpr_at_95tpr": 0.9545454545454546
      },
      "Mahalanobis": {
        "auroc": 0.501509711114738,
        "aupr": 0.9713243667961438,
        "fpr_at_95tpr": 0.7272727272727273
      },
      "OpenMax": {
        "auroc": 0.6031499918393994,
        "aupr": 0.9808239577760056,
        "fpr_at_95tpr": 0.6363636363636364
      }
    },
    "SIYI MK15": {
      "MSP": {
        "auroc": 0.3951624401670232,
        "aupr": 0.9450879203810914,
        "fpr_at_95tpr": 1.0
      },
      "Energy": {
        "auroc": 0.2665444546287809,
        "aupr": 0.9279545264736933,
        "fpr_at_95tpr": 1.0
      },
      "Mahalanobis": {
        "auroc": 0.5928098584377228,
        "aupr": 0.9758377207534668,
        "fpr_at_95tpr": 0.9777777777777777
      },
      "OpenMax": {
        "auroc": 0.4565841735410938,
        "aupr": 0.9613519683550054,
        "fpr_at_95tpr": 1.0
      }
    },
    "YunZhuo-H30": {
      "MSP": {
        "auroc": 0.19518364518364517,
        "aupr": 0.9348720751504584,
        "fpr_at_95tpr": 1.0
      },
      "Energy": {
        "auroc": 0.15679140679140677,
        "aupr": 0.9292672933179424,
        "fpr_at_95tpr": 1.0
      },
      "Mahalanobis": {
        "auroc": 0.9100485100485101,
        "aupr": 0.997756219738096,
        "fpr_at_95tpr": 0.6538461538461539
      },
      "OpenMax": {
        "auroc": 0.3955994455994456,
        "aupr": 0.9722676932132972,
        "fpr_at_95tpr": 0.9230769230769231
      }
    }
  },
  "transformer": {
    "DAUTEL EVO nano": {
      "MSP": {
        "auroc": 0.4153337685653664,
        "aupr": 0.9694660713515946,
        "fpr_at_95tpr": 1.0
      },
      "Energy": {
        "auroc": 0.5982128284641749,
        "aupr": 0.9880786037761549,
        "fpr_at_95tpr": 0.9545454545454546
      },
      "Mahalanobis": {
        "auroc": 0.7303329525053044,
        "aupr": 0.9920095208146406,
        "fpr_at_95tpr": 0.8636363636363636
      },
      "OpenMax": {
        "auroc": 0.427737881508079,
        "aupr": 0.9670888521235426,
        "fpr_at_95tpr": 0.9090909090909091
      }
    },
    "FLYSKY NV 14": {
      "MSP": {
        "auroc": 0.6278801300475899,
        "aupr": 0.9914110609039165,
        "fpr_at_95tpr": 1.0
      },
      "Energy": {
        "auroc": 0.7230834472035056,
        "aupr": 0.9944267315095001,
        "fpr_at_95tpr": 1.0
      },
      "Mahalanobis": {
        "auroc": 0.5673090515007304,
        "aupr": 0.9894597533609244,
        "fpr_at_95tpr": 1.0
      },
      "OpenMax": {
        "auroc": 0.6573999905762615,
        "aupr": 0.9913474483865183,
        "fpr_at_95tpr": 0.8947368421052632
      }
    },
    "JR PROPO XG14": {
      "MSP": {
        "auroc": 0.5637546923453567,
        "aupr": 0.9853833190991339,
        "fpr_at_95tpr": 0.8636363636363636
      },
      "Energy": {
        "auroc": 0.8070425983352375,
        "aupr": 0.9952975359566856,
        "fpr_at_95tpr": 0.6818181818181818
      },
      "Mahalanobis": {
        "auroc": 0.612820303574343,
        "aupr": 0.9867524189296379,
        "fpr_at_95tpr": 0.6363636363636364
      },
      "OpenMax": {
        "auroc": 0.4438142647298841,
        "aupr": 0.9720503859187897,
        "fpr_at_95tpr": 0.9545454545454546
      }
    },
    "SIYI MK15": {
      "MSP": {
        "auroc": 0.35084020776046443,
        "aupr": 0.9450269922427772,
        "fpr_at_95tpr": 0.9777777777777777
      },
      "Energy": {
        "auroc": 0.4100824931255729,
        "aupr": 0.9620199903550514,
        "fpr_at_95tpr": 1.0
      },
      "Mahalanobis": {
        "auroc": 0.6659130257663712,
        "aupr": 0.9818512712129114,
        "fpr_at_95tpr": 0.9333333333333333
      },
      "OpenMax": {
        "auroc": 0.2674814135859049,