{
  "DAUTEL EVO nano": {
    "MSP": {
      "auroc": 0.5563081442794189,
      "aupr": 0.9853717576389546,
      "fpr_at_95tpr": 1.0
    },
    "Energy": {
      "auroc": 0.5949077852129916,
      "aupr": 0.9863425125648009,
      "fpr_at_95tpr": 0.9090909090909091
    },
    "Mahalanobis": {
      "auroc": 0.8696344050922148,
      "aupr": 0.9972040614356331,
      "fpr_at_95tpr": 0.9090909090909091
    }
  },
  "FLYSKY NV 14": {
    "MSP": {
      "auroc": 0.655845073740753,
      "aupr": 0.9927877202233581,
      "fpr_at_95tpr": 1.0
    },
    "Energy": {
      "auroc": 0.6097629929793149,
      "aupr": 0.9915413918050968,
      "fpr_at_95tpr": 1.0
    },
    "Mahalanobis": {
      "auroc": 0.27083824153041514,
      "aupr": 0.9742369596262015,
      "fpr_at_95tpr": 1.0
    }
  },
  "JR PROPO XG14": {
    "MSP": {
      "auroc": 0.4891872041782275,
      "aupr": 0.982287596586772,
      "fpr_at_95tpr": 0.9545454545454546
    },
    "Energy": {
      "auroc": 0.43414395299494046,
      "aupr": 0.9764977066195081,
      "fpr_at_95tpr": 0.9545454545454546
    },
    "Mahalanobis": {
      "auroc": 0.5264403460094662,
      "aupr": 0.9792438959463184,
      "fpr_at_95tpr": 0.7272727272727273
    }
  },
  "SIYI MK15": {
    "MSP": {
      "auroc": 0.6925043283430085,
      "aupr": 0.9830170292933702,
      "fpr_at_95tpr": 1.0
    },
    "Energy": {
      "auroc": 0.6183521743558407,
      "aupr": 0.9762642392412149,
      "fpr_at_95tpr": 0.9777777777777777
    },
    "Mahalanobis": {
      "auroc": 0.5762501273042062,
      "aupr": 0.9762336365544182,
      "fpr_at_95tpr": 0.9777777777777777
    }
  },
  "YunZhuo-H30": {
    "MSP": {
      "auroc": 0.3559771309771309,
      "aupr": 0.9603561781825594,
      "fpr_at_95tpr": 1.0
    },
    "Energy": {
      "auroc": 0.42508662508662504,
      "aupr": 0.9667956014874362,
      "fpr_at_95tpr": 0.9615384615384616
    },
    "Mahalanobis": {
      "auroc": 0.8963617463617464,
      "aupr": 0.9974199443740103,
      "fpr_at_95tpr": 0.7692307692307693
    }
  }
}