{
  "accuracy": 0.9039735099337748,
  "balanced_accuracy": 0.9039735099337748,
  "macro_f1": 0.9035323974837104,
  "weighted_f1": 0.9035323974837104,
  "macro_precision": 0.9128313089329761,
  "macro_recall": 0.9039735099337748,
  "cohen_kappa": 0.8719646799116998,
  "mcc": 0.8748946558458385,
  "roc_auc_ovr": 0.9933269252323241,
  "ece": 0.07816178685518813,
  "classification_report": "               precision    recall  f1-score   support\n\n   Background       1.00      0.79      0.88       453\n     AR Drone       0.82      0.95      0.88       453\n  Bepop Drone       0.93      0.90      0.91       453\nPhantom Drone       0.90      0.98      0.94       453\n\n     accuracy                           0.90      1812\n    macro avg       0.91      0.90      0.90      1812\n weighted avg       0.91      0.90      0.90      1812\n",
  "model": "resnet",
  "dataset": "dronerf",
  "task": "multiclass",
  "epochs": 20,
  "best_val_f1": 0.9988962418619157,
  "param_count": 696548
}