{
  "val": {
    "accuracy": 0.9871060171919771,
    "macro_f1": 0.9690717081456317,
    "roc_auc": 0.9995060039519683
  },
  "test": {
    "accuracy": 0.9885550786838341,
    "macro_f1": 0.9723682650116614,
    "roc_auc": 0.9995447475245647
  },
  "train_time_seconds": 0.2929055690765381
}