{
  "val": {
    "accuracy": 0.9856733524355301,
    "macro_f1": 0.9661664340003102,
    "roc_auc": 0.9965420276637788
  },
  "test": {
    "accuracy": 0.9899856938483548,
    "macro_f1": 0.9764420970529752,
    "roc_auc": 0.9977616753291096
  },
  "train_time_seconds": 0.2700376510620117
}