{
  "clean": {
    "accuracy": 0.9920774647887324,
    "macro_f1": 0.9903662633660817
  },
  "snr_30dB": {
    "accuracy": 0.9920774647887324,
    "macro_f1": 0.9903662633660817
  },
  "snr_20dB": {
    "accuracy": 0.9911971830985915,
    "macro_f1": 0.9897786498752423
  },
  "snr_10dB": {
    "accuracy": 0.9568661971830986,
    "macro_f1": 0.9413785126381161
  },
  "snr_5dB": {
    "accuracy": 0.8433098591549296,
    "macro_f1": 0.7929028980652699
  },
  "snr_0dB": {
    "accuracy": 0.1522887323943662,
    "macro_f1": 0.07399803259025589
  },
  "snr_-5dB": {
    "accuracy": 0.05545774647887324,
    "macro_f1": 0.014265078967572868
  },
  "snr_-10dB": {
    "accuracy": 0.04137323943661972,
    "macro_f1": 0.0021475406090790705
  }
}