{
  "clean": {
    "accuracy": 0.994277539341917,
    "macro_f1": 0.9955615312050136
  },
  "snr_30dB": {
    "accuracy": 0.994277539341917,
    "macro_f1": 0.9955615312050136
  },
  "snr_20dB": {
    "accuracy": 0.994277539341917,
    "macro_f1": 0.9955615312050136
  },
  "snr_10dB": {
    "accuracy": 0.9313304721030042,
    "macro_f1": 0.924458518850437
  },
  "snr_5dB": {
    "accuracy": 0.5693848354792561,
    "macro_f1": 0.5174049300292869
  },
  "snr_0dB": {
    "accuracy": 0.21745350500715308,
    "macro_f1": 0.17254609449606198
  },
  "snr_-5dB": {
    "accuracy": 0.055793991416309016,
    "macro_f1": 0.003914483589280337
  },
  "snr_-10dB": {
    "accuracy": 0.055793991416309016,
    "macro_f1": 0.003914483589280337
  }
}