{
  "clean": {
    "accuracy": 0.9475717439293598,
    "macro_f1": 0.9245444459688876
  },
  "snr_30dB": {
    "accuracy": 0.9475717439293598,
    "macro_f1": 0.9245444459688876
  },
  "snr_20dB": {
    "accuracy": 0.9475717439293598,
    "macro_f1": 0.9245444459688876
  },
  "snr_10dB": {
    "accuracy": 0.9503311258278145,
    "macro_f1": 0.9288273001508296
  },
  "snr_5dB": {
    "accuracy": 0.9641280353200883,
    "macro_f1": 0.9496774838571025
  },
  "snr_0dB": {
    "accuracy": 0.9392935982339956,
    "macro_f1": 0.9119317227837564
  },
  "snr_-5dB": {
    "accuracy": 0.75,
    "macro_f1": 0.42857142857142855
  },
  "snr_-10dB": {
    "accuracy": 0.75,
    "macro_f1": 0.42857142857142855
  }
}