{
  "clean": {
    "accuracy": 0.965669014084507,
    "macro_f1": 0.9510788296184745
  },
  "snr_30dB": {
    "accuracy": 0.965669014084507,
    "macro_f1": 0.9510788296184745
  },
  "snr_20dB": {
    "accuracy": 0.9639084507042254,
    "macro_f1": 0.9487982141758191
  },
  "snr_10dB": {
    "accuracy": 0.9612676056338029,
    "macro_f1": 0.9465174885363676
  },
  "snr_5dB": {
    "accuracy": 0.9577464788732394,
    "macro_f1": 0.9482978621745056
  },
  "snr_0dB": {
    "accuracy": 0.9339788732394366,
    "macro_f1": 0.9184638287246362
  },
  "snr_-5dB": {
    "accuracy": 0.8230633802816901,
    "macro_f1": 0.775729954737049
  },
  "snr_-10dB": {
    "accuracy": 0.5845070422535211,
    "macro_f1": 0.4957207038890372
  }
}