{
  "clean": {
    "accuracy": 0.9985693848354793,
    "macro_f1": 0.9987309774543818
  },
  "snr_30dB": {
    "accuracy": 0.9985693848354793,
    "macro_f1": 0.9987309774543818
  },
  "snr_20dB": {
    "accuracy": 0.9985693848354793,
    "macro_f1": 0.9987309774543818
  },
  "snr_10dB": {
    "accuracy": 0.9856938483547926,
    "macro_f1": 0.9859445207649962
  },
  "snr_5dB": {
    "accuracy": 0.8927038626609443,
    "macro_f1": 0.8879535654596997
  },
  "snr_0dB": {
    "accuracy": 0.4563662374821173,
    "macro_f1": 0.4273608796070299
  },
  "snr_-5dB": {
    "accuracy": 0.18311874105865522,
    "macro_f1": 0.11285600379683701
  },
  "snr_-10dB": {
    "accuracy": 0.07296137339055794,
    "macro_f1": 0.01700888351806373
  }
}