{
  "accuracy": 0.826953125,
  "macro_f1": 0.8281032385323179,
  "mcc": 0.7733482920023558,
  "best_val_f1": 0.9662407880639928,
  "best_epoch": 5,
  "model": "gnn",
  "backbone": "ast",
  "dataset": "dronerf",
  "task": "multiclass",
  "epochs": 30,
  "param_count": 215940,
  "emb_dim": 192,
  "subgraph_size": 64,
  "threshold": 0.5,
  "k": 5
}