{
  "accuracy": 0.9608167770419426,
  "balanced_accuracy": 0.9260485651214128,
  "macro_f1": 0.9453037877760436,
  "weighted_f1": 0.9598683144857892,
  "macro_precision": 0.9694661817244563,
  "macro_recall": 0.9260485651214128,
  "cohen_kappa": 0.8907692307692308,
  "mcc": 0.8944616103483326,
  "roc_auc": 0.996796761675495,
  "ece": 0.02901501894391927,
  "classification_report": "              precision    recall  f1-score   support\n\n  Background       0.98      0.86      0.92       453\n       Drone       0.95      1.00      0.97      1359\n\n    accuracy                           0.96      1812\n   macro avg       0.97      0.93      0.95      1812\nweighted avg       0.96      0.96      0.96      1812\n",
  "model": "transformer",
  "dataset": "dronerf",
  "task": "binary",
  "epochs": 20,
  "best_val_f1": 1.0,
  "param_count": 375234
}