{
  "accuracy": 0.9459161147902869,
  "balanced_accuracy": 0.891832229580574,
  "macro_f1": 0.9219558674617462,
  "weighted_f1": 0.9435773655490549,
  "macro_precision": 0.9663692518874399,
  "macro_recall": 0.891832229580574,
  "cohen_kappa": 0.8445678033306899,
  "mcc": 0.8549584873545145,
  "roc_auc": 0.9990887339249253,
  "ece": 0.031987717510848654,
  "classification_report": "              precision    recall  f1-score   support\n\n  Background       1.00      0.78      0.88       453\n       Drone       0.93      1.00      0.97      1359\n\n    accuracy                           0.95      1812\n   macro avg       0.97      0.89      0.92      1812\nweighted avg       0.95      0.95      0.94      1812\n",
  "model": "resnet",
  "dataset": "dronerf",
  "task": "binary",
  "epochs": 20,
  "best_val_f1": 1.0,
  "param_count": 696290
}