{
  "accuracy": 0.9392935982339956,
  "balanced_accuracy": 0.8785871964679912,
  "macro_f1": 0.9114561492042959,
  "weighted_f1": 0.9362797011933786,
  "macro_precision": 0.9625595643294758,
  "macro_recall": 0.8785871964679912,
  "cohen_kappa": 0.8238590872698158,
  "mcc": 0.836944750049731,
  "roc_auc": 0.9945470227913981,
  "ece": 0.05342731491619384,
  "classification_report": "              precision    recall  f1-score   support\n\n  Background       1.00      0.76      0.86       453\n       Drone       0.93      1.00      0.96      1359\n\n    accuracy                           0.94      1812\n   macro avg       0.96      0.88      0.91      1812\nweighted avg       0.94      0.94      0.94      1812\n",
  "model": "smallrf",
  "dataset": "dronerf",
  "task": "binary",
  "epochs": 20,
  "best_val_f1": 1.0,
  "param_count": 154978
}