{
  "clean": {
    "accuracy": 0.9964788732394366,
    "macro_f1": 0.9945715142144307
  },
  "snr_30dB": {
    "accuracy": 0.9964788732394366,
    "macro_f1": 0.9945715142144307
  },
  "snr_20dB": {
    "accuracy": 0.9938380281690141,
    "macro_f1": 0.9912475333364039
  },
  "snr_10dB": {
    "accuracy": 0.9639084507042254,
    "macro_f1": 0.9497968492787695
  },
  "snr_5dB": {
    "accuracy": 0.19630281690140844,
    "macro_f1": 0.15026646520748724
  },
  "snr_0dB": {
    "accuracy": 0.017605633802816902,
    "macro_f1": 0.0009351912466099318
  },
  "snr_-5dB": {
    "accuracy": 0.013204225352112676,
    "macro_f1": 0.0007056665020111495
  },
  "snr_-10dB": {
    "accuracy": 0.016725352112676055,
    "macro_f1": 0.0009001113295591823
  }
}