{
  "clean": {
    "accuracy": 0.994277539341917,
    "macro_f1": 0.9868717601983322
  },
  "snr_30dB": {
    "accuracy": 0.994277539341917,
    "macro_f1": 0.9868717601983322
  },
  "snr_20dB": {
    "accuracy": 0.994277539341917,
    "macro_f1": 0.9868717601983322
  },
  "snr_10dB": {
    "accuracy": 0.977110157367668,
    "macro_f1": 0.9508352382627043
  },
  "snr_5dB": {
    "accuracy": 0.6194563662374821,
    "macro_f1": 0.5555815821175211
  },
  "snr_0dB": {
    "accuracy": 0.16738197424892703,
    "macro_f1": 0.1621950014003987
  },
  "snr_-5dB": {
    "accuracy": 0.13304721030042918,
    "macro_f1": 0.12183016833899991
  },
  "snr_-10dB": {
    "accuracy": 0.12303290414878398,
    "macro_f1": 0.10955414012738854
  }
}