{
  "clean": {
    "accuracy": 0.9459161147902869,
    "macro_f1": 0.9219558674617462
  },
  "snr_30dB": {
    "accuracy": 0.9459161147902869,
    "macro_f1": 0.9219558674617462
  },
  "snr_20dB": {
    "accuracy": 0.9470198675496688,
    "macro_f1": 0.9236831714443655
  },
  "snr_10dB": {
    "accuracy": 0.9486754966887417,
    "macro_f1": 0.9262622722278451
  },
  "snr_5dB": {
    "accuracy": 0.9586092715231788,
    "macro_f1": 0.941447223008527
  },
  "snr_0dB": {
    "accuracy": 0.9718543046357616,
    "macro_f1": 0.9612161277989275
  },
  "snr_-5dB": {
    "accuracy": 0.7505518763796909,
    "macro_f1": 0.4309092677774844
  },
  "snr_-10dB": {
    "accuracy": 0.75,
    "macro_f1": 0.42857142857142855
  }
}