{
  "clean": {
    "accuracy": 0.9928469241773963,
    "macro_f1": 0.9838282041671873
  },
  "snr_30dB": {
    "accuracy": 0.9928469241773963,
    "macro_f1": 0.9838282041671873
  },
  "snr_20dB": {
    "accuracy": 0.9856938483547926,
    "macro_f1": 0.9684156304222094
  },
  "snr_10dB": {
    "accuracy": 0.8655221745350501,
    "macro_f1": 0.7817888360477164
  },
  "snr_5dB": {
    "accuracy": 0.5579399141630901,
    "macro_f1": 0.5103099912260218
  },
  "snr_0dB": {
    "accuracy": 0.4263233190271817,
    "macro_f1": 0.407056957004601
  },
  "snr_-5dB": {
    "accuracy": 0.8569384835479256,
    "macro_f1": 0.5299639571789768
  },
  "snr_-10dB": {
    "accuracy": 0.876967095851216,
    "macro_f1": 0.46722560975609756
  }
}