{
  "clean": {
    "accuracy": 0.9078366445916115,
    "macro_f1": 0.9074555170951426
  },
  "snr_30dB": {
    "accuracy": 0.9078366445916115,
    "macro_f1": 0.9074555170951426
  },
  "snr_20dB": {
    "accuracy": 0.9144591611479028,
    "macro_f1": 0.914196245551917
  },
  "snr_10dB": {
    "accuracy": 0.9100441501103753,
    "macro_f1": 0.9103073210702157
  },
  "snr_5dB": {
    "accuracy": 0.6909492273730684,
    "macro_f1": 0.6767342401019287
  },
  "snr_0dB": {
    "accuracy": 0.47516556291390727,
    "macro_f1": 0.41459003378583065
  },
  "snr_-5dB": {
    "accuracy": 0.2726269315673289,
    "macro_f1": 0.14853956361020335
  },
  "snr_-10dB": {
    "accuracy": 0.3509933774834437,
    "macro_f1": 0.27763687016180216
  }
}