{
  "accuracy": 0.9718543046357616,
  "macro_f1": 0.9609663378380947,
  "weighted_f1": 0.9712740681606508,
  "macro_precision": 0.9819148936170212,
  "macro_recall": 0.9437086092715232,
  "roc_auc": 0.999712488243693,
  "pr_auc": 0.9999047266461185,
  "false_positive_rate": 0.11258278145695365,
  "false_negative_rate": 0.0
}