{
  "DroneRF": {
    "AR Drone": {
      "MSP": {
        "auroc": 0.5650588749356347,
        "aupr": 0.8433883183926828,
        "fpr_at_95tpr": 0.9094922737306843
      },
      "Energy": {
        "auroc": 0.5755985361265831,
        "aupr": 0.8479949639275264,
        "fpr_at_95tpr": 0.9359823399558499
      },
      "Mahalanobis": {
        "auroc": 0.37892100249014427,
        "aupr": 0.6972908734122973,
        "fpr_at_95tpr": 0.9867549668874173
      }
    },
    "Bepop Drone": {
      "MSP": {
        "auroc": 0.7191676128564861,
        "aupr": 0.9112262590130695,
        "fpr_at_95tpr": 0.977924944812362
      },
      "Energy": {
        "auroc": 0.7367301953942891,
        "aupr": 0.9177422387698333,
        "fpr_at_95tpr": 0.9735099337748344
      },
      "Mahalanobis": {
        "auroc": 0.35015845633800985,
        "aupr": 0.7003151684081009,
        "fpr_at_95tpr": 0.9823399558498896
      }
    },
    "Phantom Drone": {
      "MSP": {
        "auroc": 0.3846826081377198,
        "aupr": 0.665447467167133,
        "fpr_at_95tpr": 0.9315673289183223
      },
      "Energy": {
        "auroc": 0.41202383911037044,
        "aupr": 0.7291222990590233,
        "fpr_at_95tpr": 0.9293598233995585
      },
      "Mahalanobis": {
        "auroc": 0.7976469518068571,
        "aupr": 0.9288277241303056,
        "fpr_at_95tpr": 0.8653421633554084
      }
    }
  },
  "CageDroneRF": {
    "Skydio_2": {
      "MSP": {
        "auroc": 0.19070987654320987,
        "aupr": 0.9378143187457078,
        "fpr_at_95tpr": 1.0
      },
      "Energy": {
        "auroc": 0.2478395061728395,
        "aupr": 0.9460795779490755,
        "fpr_at_95tpr": 1.0
      },
      "Mahalanobis": {
        "auroc": 0.5081481481481482,
        "aupr": 0.9758291498504155,
        "fpr_at_95tpr": 1.0
      }
    },
    "Parrot_Anafi": {
      "MSP": {
        "auroc": 0.715204527913558,
        "aupr": 0.9871299543609652,
        "fpr_at_95tpr": 0.9565217391304348
      },
      "Energy": {
        "auroc": 0.6115255981476716,
        "aupr": 0.9767822299918384,
        "fpr_at_95tpr": 0.9130434782608695
      },
      "Mahalanobis": {
        "auroc": 0.7929637252379728,
        "aupr": 0.9921531587135662,
        "fpr_at_95tpr": 0.9565217391304348
      }
    },
    "background": {
      "MSP": {
        "auroc": 0.8407342657342657,
        "aupr": 0.9892051221192195,
        "fpr_at_95tpr": 0.8461538461538461
      },
      "Energy": {
        "auroc": 0.8821289821289822,
        "aupr": 0.9921336681764827,
        "fpr_at_95tpr": 0.6666666666666666
      },
      "Mahalanobis": {
        "auroc": 0.8553613053613054,
        "aupr": 0.990314992797818,
        "fpr_at_95tpr": 0.8205128205128205
      }
    },
    "Hubsan_X4_Air": {
      "MSP": {
        "auroc": 0.48829431438127097,
        "aupr": 0.9752407180526802,
        "fpr_at_95tpr": 1.0
      },
      "Energy": {
        "auroc": 0.49675199382557245,
        "aupr": 0.9761739265807474,
        "fpr_at_95tpr": 1.0
      },
      "Mahalanobis": {
        "auroc": 0.33644198610753795,
        "aupr": 0.9579973430939035,
        "fpr_at_95tpr": 1.0
      }
    },
    "DJI_Tello": {
      "MSP": {
        "auroc": 0.09805555555555555,
        "aupr": 0.9160849079217114,
        "fpr_at_95tpr": 1.0
      },
      "Energy": {
        "auroc": 0.22037037037037038,
        "aupr": 0.9392822701105994,
        "fpr_at_95tpr": 1.0
      },
      "Mahalanobis": {
        "auroc": 0.7970987654320989,
        "aupr": 0.990984219663051,
        "fpr_at_95tpr": 0.7916666666666666
      }
    }
  },
  "RFUAV": {
    "DAUTEL EVO nano": {
      "MSP": {
        "auroc": 0.5563081442794189,
        "aupr": 0.9853717576389546,
        "fpr_at_95tpr": 1.0
      },
      "Energy": {
        "auroc": 0.5949077852129916,
        "aupr": 0.9863425125648009,
        "fpr_at_95tpr": 0.9090909090909091
      },
      "Mahalanobis": {
        "auroc": 0.8696344050922148,
        "aupr": 0.9972040614356331,
        "fpr_at_95tpr": 0.9090909090909091
      }
    },
    "FLYSKY NV 14": {
      "MSP": {
        "auroc": 0.655845073740753,
        "aupr": 0.9927877202233581,
        "fpr_at_95tpr": 1.0
      },
      "Energy": {
        "auroc": 0.6097629929793149,
        "aupr": 0.9915413918050968,
        "fpr_at_95tpr": 1.0
      },
      "Mahalanobis": {
        "auroc": 0.27083824153041514,
        "aupr": 0.9742369596262015,
        "fpr_at_95tpr": 1.0
      }
    },
    "JR PROPO XG14": {
      "MSP": {
        "auroc": 0.4891872041782275,
        "aupr": 0.982287596586772,
        "fpr_at_95tpr": 0.9545454545454546
      },
      "Energy": {
        "auroc": 0.43414395299494046,
        "aupr": 0.9764977066195081,
        "fpr_at_95tpr": 0.9545454545454546
      },
      "Mahalanobis": {
        "auroc": 0.5264403460094662,
        "aupr": 0.9792438959463184,
        "fpr_at_95tpr": 0.7272727272727273
      }
    },
    "SIYI MK15": {
      "MSP": {
        "auroc": 0.6925043283430085,
        "aupr": 0.9830170292933702,
        "fpr_at_95tpr": 1.0
      },
      "Energy": {
        "auroc": 0.6183521743558407,
        "aupr": 0.9762642392412149,
        "fpr_at_95tpr": 0.9777777777777777
      },
      "Mahalanobis": {
        "auroc": 0.5762501273042062,
        "aupr": 0.9762336365544182,
        "fpr_at_95tpr": 0.9777777777777777
      }
    },
    "YunZhuo-H30": {
      "MSP": {
        "auroc": 0.3559771309771309,
        "aupr": 0.9603561781825594,
        "fpr_at_95tpr": 1.0
      },
      "Energy": {
        "auroc": 0.42508662508662504,
        "aupr": 0.9667956014874362,
        "fpr_at_95tpr": 0.9615384615384616
      },
      "Mahalanobis": {
        "auroc": 0.8963617463617464,
        "aupr": 0.9974199443740103,
        "fpr_at_95tpr": 0.7692307692307693
      }
    }
  }
}