{
  "clean": {
    "accuracy": 0.9133554083885209,
    "macro_f1": 0.9131108535675007
  },
  "snr_30dB": {
    "accuracy": 0.9172185430463576,
    "macro_f1": 0.9165480077434822
  },
  "snr_20dB": {
    "accuracy": 0.8796909492273731,
    "macro_f1": 0.8775055201863504
  },
  "snr_10dB": {
    "accuracy": 0.8112582781456954,
    "macro_f1": 0.8120705947032032
  },
  "snr_5dB": {
    "accuracy": 0.271523178807947,
    "macro_f1": 0.1418513111984731
  },
  "snr_0dB": {
    "accuracy": 0.25,
    "macro_f1": 0.1
  },
  "snr_-5dB": {
    "accuracy": 0.25,
    "macro_f1": 0.1
  },
  "snr_-10dB": {
    "accuracy": 0.25,
    "macro_f1": 0.1
  }
}