{
  "clean": {
    "accuracy": 0.9903169014084507,
    "macro_f1": 0.986628021240934
  },
  "snr_30dB": {
    "accuracy": 0.9903169014084507,
    "macro_f1": 0.986628021240934
  },
  "snr_20dB": {
    "accuracy": 0.9894366197183099,
    "macro_f1": 0.9868095442819179
  },
  "snr_10dB": {
    "accuracy": 0.9595070422535211,
    "macro_f1": 0.948371445737439
  },
  "snr_5dB": {
    "accuracy": 0.8274647887323944,
    "macro_f1": 0.7719950913430045
  },
  "snr_0dB": {
    "accuracy": 0.2737676056338028,
    "macro_f1": 0.13791664376476837
  },
  "snr_-5dB": {
    "accuracy": 0.04929577464788732,
    "macro_f1": 0.013647759352158981
  },
  "snr_-10dB": {
    "accuracy": 0.03697183098591549,
    "macro_f1": 0.005679911886808439
  }
}