{
  "clean": {
    "accuracy": 0.9928469241773963,
    "macro_f1": 0.9923723334145782
  },
  "snr_30dB": {
    "accuracy": 0.9928469241773963,
    "macro_f1": 0.9923723334145782
  },
  "snr_20dB": {
    "accuracy": 0.9914163090128756,
    "macro_f1": 0.9914218728816172
  },
  "snr_10dB": {
    "accuracy": 0.8969957081545065,
    "macro_f1": 0.8842197682773844
  },
  "snr_5dB": {
    "accuracy": 0.3376251788268956,
    "macro_f1": 0.25842963869936453
  },
  "snr_0dB": {
    "accuracy": 0.13304721030042918,
    "macro_f1": 0.10638005675960155
  },
  "snr_-5dB": {
    "accuracy": 0.034334763948497854,
    "macro_f1": 0.0024588904256954047
  },
  "snr_-10dB": {
    "accuracy": 0.034334763948497854,
    "macro_f1": 0.0024588904256954047
  }
}