{
  "accuracy": 0.28807947019867547,
  "macro_f1": 0.2546034807365569,
  "weighted_f1": 0.17562106809937092,
  "macro_precision": 0.6299483648881239,
  "macro_recall": 0.5253863134657837,
  "roc_auc": 0.6525915854892654,
  "pr_auc": 0.8584747618126287,
  "false_positive_rate": 0.0,
  "false_negative_rate": 0.9492273730684326
}