{
  "DroneRF": {
    "clean": {
      "accuracy": 0.9431567328918322,
      "macro_f1": 0.9177559550433064
    },
    "snr_30dB": {
      "accuracy": 0.9420529801324503,
      "macro_f1": 0.9160097525099735
    },
    "snr_20dB": {
      "accuracy": 0.945364238410596,
      "macro_f1": 0.9212289803652076
    },
    "snr_10dB": {
      "accuracy": 0.9547461368653422,
      "macro_f1": 0.9365688144519143
    },
    "snr_5dB": {
      "accuracy": 0.9619205298013245,
      "macro_f1": 0.9502019952180724
    },
    "snr_0dB": {
      "accuracy": 0.6672185430463576,
      "macro_f1": 0.5235569059515924
    },
    "snr_-5dB": {
      "accuracy": 0.75,
      "macro_f1": 0.42857142857142855
    },
    "snr_-10dB": {
      "accuracy": 0.75,
      "macro_f1": 0.42857142857142855
    }
  },
  "CageDroneRF": {
    "clean": {
      "accuracy": 0.994277539341917,
      "macro_f1": 0.9868717601983322
    },
    "snr_30dB": {
      "accuracy": 0.994277539341917,
      "macro_f1": 0.9868717601983322
    },
    "snr_20dB": {
      "accuracy": 0.994277539341917,
      "macro_f1": 0.9868717601983322
    },
    "snr_10dB": {
      "accuracy": 0.977110157367668,
      "macro_f1": 0.9508352382627043
    },
    "snr_5dB": {
      "accuracy": 0.6194563662374821,
      "macro_f1": 0.5555815821175211
    },
    "snr_0dB": {
      "accuracy": 0.16738197424892703,
      "macro_f1": 0.1621950014003987
    },
    "snr_-5dB": {
      "accuracy": 0.13304721030042918,
      "macro_f1": 0.12183016833899991
    },
    "snr_-10dB": {
      "accuracy": 0.12303290414878398,
      "macro_f1": 0.10955414012738854
    }
  }
}