{
  "clean": {
    "accuracy": 0.9293598233995585,
    "macro_f1": 0.9290366041087534
  },
  "snr_30dB": {
    "accuracy": 0.9310154525386314,
    "macro_f1": 0.9307363054020465
  },
  "snr_20dB": {
    "accuracy": 0.9310154525386314,
    "macro_f1": 0.9307490682575591
  },
  "snr_10dB": {
    "accuracy": 0.9442604856512141,
    "macro_f1": 0.9441009035109243
  },
  "snr_5dB": {
    "accuracy": 0.9326710816777042,
    "macro_f1": 0.933256254616694
  },
  "snr_0dB": {
    "accuracy": 0.727924944812362,
    "macro_f1": 0.7158829057031707
  },
  "snr_-5dB": {
    "accuracy": 0.4470198675496689,
    "macro_f1": 0.38108500697301523
  },
  "snr_-10dB": {
    "accuracy": 0.25055187637969095,
    "macro_f1": 0.10139696537913505
  }
}