{
  "accuracy": 0.9271523178807947,
  "macro_f1": 0.8915707874337006,
  "weighted_f1": 0.9226274989800083,
  "macro_precision": 0.9557344064386317,
  "macro_recall": 0.8543046357615893,
  "roc_auc": 0.9983334064295426,
  "pr_auc": 0.999444360216756,
  "false_positive_rate": 0.2913907284768212,
  "false_negative_rate": 0.0
}