{
  "accuracy": 0.9920774647887324,
  "balanced_accuracy": 0.990813153167875,
  "macro_f1": 0.9903662633660817,
  "weighted_f1": 0.9920865265872786,
  "macro_precision": 0.9908038861843209,
  "macro_recall": 0.990813153167875,
  "cohen_kappa": 0.9917451925677667,
  "mcc": 0.9917596068289325,
  "roc_auc_ovr": 0.9999637481115873,
  "ece": 0.008936000489433082,
  "classification_report": "                    precision    recall  f1-score   support\n\n   DAUTEL EVO nano       1.00      1.00      1.00        22\n    DEVENTION DEVO       1.00      1.00      1.00        19\n        DJI AVATA2       1.00      0.99      0.99        79\n     DJI FPV COMBO       1.00      1.00      1.00       100\n    DJI MAVIC3 PRO       1.00      1.00      1.00        67\n         DJI MINI3       0.98      1.00      0.99        94\n     DJI MINI4 PRO       1.00      0.98      0.99        45\n      FLYSKY EL 18       1.00      1.00      1.00        24\n     FLYSKY FS I6X       1.00      0.96      0.98        23\n      FLYSKY NV 14       1.00      1.00      1.00        19\n         FRSKY-X14       0.94      1.00      0.97        15\n        FRSKY-X20R       1.00      1.00      1.00        15\n    FRSKY-X9DP2019       1.00      1.00      1.00        19\n       FUTABA-T10J       1.00      1.00      1.00        27\n      FUTABA-T14SG       1.00      1.00      1.00        41\n      FUTABA-T16IZ       1.00      0.97      0.99        34\n      FUTABA-T18SZ       0.97      1.00      0.98        31\n      Herelink-Hx4       1.00      1.00      1.00        15\n     JR PROPO XG14       1.00      1.00      1.00        22\n      JR PROPO XG7       1.00      1.00      1.00        13\n        JUMPER-T14       1.00      1.00      1.00        15\n     JUMPER-TProV2       1.00      1.00      1.00        14\n RadioMaster BOXER       1.00      1.00      1.00        14\n RadioMaster TX16S       1.00      1.00      1.00        12\n Radiolink AT10 II       0.90      1.00      0.95        19\nRadiolink AT9S Pro       1.00      0.88      0.93        16\n         SIYI FT24       1.00      1.00      1.00        21\n         SIYI MK15       1.00      1.00      1.00        45\n         SIYI MK32       1.00      1.00      1.00        47\n      SKYDROID-H12       1.00      1.00      1.00        22\n      SKYDROID-T10       1.00      1.00      1.00        33\n         WFLY ET10       1.00      0.89      0.94        28\n        WFLY ET16S       0.87      1.00      0.93        20\n     WFLY WFT09SII       1.00      1.00      1.00        24\n       YunZhuo-H12       1.00      1.00      1.00        19\n       YunZhuo-H16       1.00      1.00      1.00        37\n       YunZhuo-H30       1.00      1.00      1.00        26\n\n          accuracy                           0.99      1136\n         macro avg       0.99      0.99      0.99      1136\n      weighted avg       0.99      0.99      0.99      1136\n",
  "model": "resnet",
  "dataset": "rfuav",
  "task": "multiclass",
  "epochs": 20,
  "best_val_f1": 0.9903662633660817,
  "param_count": 700805
}