{
  "clean": {
    "accuracy": 0.9508830022075055,
    "macro_f1": 0.9303995805019734
  },
  "snr_30dB": {
    "accuracy": 0.9503311258278145,
    "macro_f1": 0.9296771912273287
  },
  "snr_20dB": {
    "accuracy": 0.9508830022075055,
    "macro_f1": 0.9303995805019734
  },
  "snr_10dB": {
    "accuracy": 0.9547461368653422,
    "macro_f1": 0.9361439880353781
  },
  "snr_5dB": {
    "accuracy": 0.9525386313465783,
    "macro_f1": 0.9325737685340791
  },
  "snr_0dB": {
    "accuracy": 0.9398454746136865,
    "macro_f1": 0.9129650398031106
  },
  "snr_-5dB": {
    "accuracy": 0.8868653421633554,
    "macro_f1": 0.836600142786824
  },
  "snr_-10dB": {
    "accuracy": 0.7582781456953642,
    "macro_f1": 0.6661158415508364
  }
}