{
  "clean": {
    "accuracy": 0.9597130242825607,
    "macro_f1": 0.9431047230787692
  },
  "snr_30dB": {
    "accuracy": 0.9591611479028698,
    "macro_f1": 0.9422766971567115
  },
  "snr_20dB": {
    "accuracy": 0.9575055187637969,
    "macro_f1": 0.9397839067264264
  },
  "snr_10dB": {
    "accuracy": 0.9337748344370861,
    "macro_f1": 0.9025224730887788
  },
  "snr_5dB": {
    "accuracy": 0.8901766004415012,
    "macro_f1": 0.8251541104940603
  },
  "snr_0dB": {
    "accuracy": 0.75,
    "macro_f1": 0.42857142857142855
  },
  "snr_-5dB": {
    "accuracy": 0.75,
    "macro_f1": 0.42857142857142855
  },
  "snr_-10dB": {
    "accuracy": 0.75,
    "macro_f1": 0.42857142857142855
  }
}