{
  "clean": {
    "accuracy": 0.9116997792494481,
    "macro_f1": 0.9114398374719138
  },
  "snr_30dB": {
    "accuracy": 0.9105960264900662,
    "macro_f1": 0.9103362640024141
  },
  "snr_20dB": {
    "accuracy": 0.9111479028697572,
    "macro_f1": 0.9108866448354351
  },
  "snr_10dB": {
    "accuracy": 0.9122516556291391,
    "macro_f1": 0.9122166375658258
  },
  "snr_5dB": {
    "accuracy": 0.8835540838852097,
    "macro_f1": 0.883361487952171
  },
  "snr_0dB": {
    "accuracy": 0.6937086092715232,
    "macro_f1": 0.6929595396396913
  },
  "snr_-5dB": {
    "accuracy": 0.358719646799117,
    "macro_f1": 0.2617265212824019
  },
  "snr_-10dB": {
    "accuracy": 0.27593818984547464,
    "macro_f1": 0.21537004774880547
  }
}