{
  "clean": {
    "accuracy": 0.9524647887323944,
    "macro_f1": 0.9366747575174191
  },
  "snr_30dB": {
    "accuracy": 0.9515845070422535,
    "macro_f1": 0.9359842565207528
  },
  "snr_20dB": {
    "accuracy": 0.9366197183098591,
    "macro_f1": 0.9164267044455616
  },
  "snr_10dB": {
    "accuracy": 0.727112676056338,
    "macro_f1": 0.5954349104617637
  },
  "snr_5dB": {
    "accuracy": 0.19102112676056338,
    "macro_f1": 0.12837082800885127
  },
  "snr_0dB": {
    "accuracy": 0.03345070422535211,
    "macro_f1": 0.005606843298614568
  },
  "snr_-5dB": {
    "accuracy": 0.018485915492957746,
    "macro_f1": 0.0011408393317941057
  },
  "snr_-10dB": {
    "accuracy": 0.018485915492957746,
    "macro_f1": 0.0009811021046976104
  }
}