{
  "val": {
    "accuracy": 0.9674295774647887,
    "macro_f1": 0.9580314223750955,
    "roc_auc": 0.9990431780399976
  },
  "test": {
    "accuracy": 0.9674295774647887,
    "macro_f1": 0.9580314223750955,
    "roc_auc": 0.9990431780399976
  },
  "train_time_seconds": 0.47263073921203613
}