{
  "val": {
    "accuracy": 0.9357394366197183,
    "macro_f1": 0.9187646424427535,
    "roc_auc": 0.9981184484469571
  },
  "test": {
    "accuracy": 0.9357394366197183,
    "macro_f1": 0.9187646424427535,
    "roc_auc": 0.9981184484469571
  },
  "train_time_seconds": 1.4254868030548096
}