{
  "accuracy": 0.9928469241773963,
  "balanced_accuracy": 0.9959216965742251,
  "macro_f1": 0.9838282041671873,
  "weighted_f1": 0.9929333103843906,
  "macro_precision": 0.9725274725274725,
  "macro_recall": 0.9959216965742251,
  "cohen_kappa": 0.9676601493462631,
  "mcc": 0.9681665680114239,
  "roc_auc": 0.9999051557342844,
  "ece": 0.0054653838639266055,
  "classification_report": "                      precision    recall  f1-score   support\n\nBackground/Non-drone       0.95      1.00      0.97        86\n               Drone       1.00      0.99      1.00       613\n\n            accuracy                           0.99       699\n           macro avg       0.97      1.00      0.98       699\n        weighted avg       0.99      0.99      0.99       699\n",
  "model": "transformer",
  "dataset": "cagedronerf",
  "task": "binary",
  "epochs": 20,
  "best_val_f1": 0.9967009958455234,
  "param_count": 375234
}