{
  "clean": {
    "accuracy": 0.8796909492273731,
    "macro_f1": 0.877350002737345
  },
  "snr_30dB": {
    "accuracy": 0.8796909492273731,
    "macro_f1": 0.877350002737345
  },
  "snr_20dB": {
    "accuracy": 0.8780353200883002,
    "macro_f1": 0.8756138538980712
  },
  "snr_10dB": {
    "accuracy": 0.8465783664459161,
    "macro_f1": 0.8414110973776104
  },
  "snr_5dB": {
    "accuracy": 0.7643487858719646,
    "macro_f1": 0.740369267112186
  },
  "snr_0dB": {
    "accuracy": 0.6396247240618101,
    "macro_f1": 0.5630324350362961
  },
  "snr_-5dB": {
    "accuracy": 0.2588300220750552,
    "macro_f1": 0.12132049939357295
  },
  "snr_-10dB": {
    "accuracy": 0.25,
    "macro_f1": 0.1
  }
}