{
  "accuracy": 0.9525386313465783,
  "macro_f1": 0.9322257402317247,
  "weighted_f1": 0.9507776347378311,
  "macro_precision": 0.970242214532872,
  "macro_recall": 0.9050772626931567,
  "roc_auc": 0.9980946254793893,
  "pr_auc": 0.9992494952576525,
  "false_positive_rate": 0.18984547461368653,
  "false_negative_rate": 0.0
}