{
  "accuracy": 0.9814020028612304,
  "macro_f1": 0.959506249860743,
  "weighted_f1": 0.9819557864974293,
  "macro_precision": 0.9343434343434344,
  "macro_recall": 0.9893964110929854,
  "roc_auc": 0.996339011343374,
  "pr_auc": 0.9995393568852,
  "false_positive_rate": 0.0,
  "false_negative_rate": 0.021207177814029365
}