{
  "accuracy": 0.467439293598234,
  "macro_f1": 0.42884916330312267,
  "weighted_f1": 0.503079859794356,
  "macro_precision": 0.46245758745758747,
  "macro_recall": 0.44996320824135394,
  "roc_auc": 0.4161545871120012,
  "pr_auc": 0.717032497810869,
  "false_positive_rate": 0.5849889624724062,
  "false_negative_rate": 0.515084621044886
}