{
  "clean": {
    "accuracy": 0.9039735099337748,
    "macro_f1": 0.9035323974837104
  },
  "snr_30dB": {
    "accuracy": 0.9039735099337748,
    "macro_f1": 0.9035471872315651
  },
  "snr_20dB": {
    "accuracy": 0.9045253863134658,
    "macro_f1": 0.9041365611203623
  },
  "snr_10dB": {
    "accuracy": 0.9028697571743929,
    "macro_f1": 0.9027728396756833
  },
  "snr_5dB": {
    "accuracy": 0.9067328918322296,
    "macro_f1": 0.9072153267429663
  },
  "snr_0dB": {
    "accuracy": 0.6324503311258278,
    "macro_f1": 0.6422246918808896
  },
  "snr_-5dB": {
    "accuracy": 0.29304635761589404,
    "macro_f1": 0.18212891710458515
  },
  "snr_-10dB": {
    "accuracy": 0.29635761589403975,
    "macro_f1": 0.19526959207309227
  }
}