{
  "accuracy": 0.9900662251655629,
  "macro_f1": 0.9865753911806543,
  "weighted_f1": 0.9899982219061166,
  "macro_precision": 0.9934640522875817,
  "macro_recall": 0.9801324503311258,
  "roc_auc": 0.9993177687138478,
  "pr_auc": 0.9997687510370226,
  "false_positive_rate": 0.039735099337748346,
  "false_negative_rate": 0.0
}