{
  "accuracy": 0.4271523178807947,
  "macro_f1": 0.3607505451539754,
  "weighted_f1": 0.46376425421304773,
  "macro_precision": 0.38867701496251594,
  "macro_recall": 0.35467255334805003,
  "roc_auc": 0.3227717432796157,
  "pr_auc": 0.692981372730183,
  "false_positive_rate": 0.7902869757174393,
  "false_negative_rate": 0.5003679175864606
}