{
  "accuracy": 0.9971387696709585,
  "macro_f1": 0.9934358800991661,
  "weighted_f1": 0.9971528759169463,
  "macro_precision": 0.9886363636363636,
  "macro_recall": 0.99836867862969,
  "roc_auc": 1.0,
  "pr_auc": 1.0,
  "false_positive_rate": 0.0,
  "false_negative_rate": 0.0032626427406199023
}