{
  "clean": {
    "accuracy": 0.9198855507868383,
    "macro_f1": 0.8489581725574935
  },
  "snr_30dB": {
    "accuracy": 0.9213161659513591,
    "macro_f1": 0.8511043721751659
  },
  "snr_20dB": {
    "accuracy": 0.9213161659513591,
    "macro_f1": 0.85220112487842
  },
  "snr_10dB": {
    "accuracy": 0.9084406294706724,
    "macro_f1": 0.8334723049434187
  },
  "snr_5dB": {
    "accuracy": 0.9098712446351931,
    "macro_f1": 0.8354993070627305
  },
  "snr_0dB": {
    "accuracy": 0.8512160228898427,
    "macro_f1": 0.7599524501386871
  },
  "snr_-5dB": {
    "accuracy": 0.8311874105865522,
    "macro_f1": 0.7291765169424744
  },
  "snr_-10dB": {
    "accuracy": 0.8812589413447782,
    "macro_f1": 0.705498956858087
  }
}