{
  "DroneRF": {
    "accuracy": 0.9155629139072847,
    "macro_f1": 0.8881542399651434,
    "roc_auc": 0.9684289350532059
  },
  "RFUAV": {
    "accuracy": 1.0,
    "macro_f1": 1.0,
    "roc_auc": NaN
  },
  "CageDroneRF": {
    "accuracy": 0.9814020028612304,
    "macro_f1": 0.9538733305922305,
    "roc_auc": 0.9986532114268372
  }
}