{
  "accuracy": 0.9871244635193133,
  "balanced_accuracy": 0.982662468227171,
  "macro_f1": 0.9708907675009371,
  "weighted_f1": 0.9872799586919031,
  "macro_precision": 0.9598937246963564,
  "macro_recall": 0.982662468227171,
  "cohen_kappa": 0.9417882688232736,
  "mcc": 0.9422811476075076,
  "roc_auc": 0.9994309344057057,
  "ece": 0.007285292909210157,
  "classification_report": "                      precision    recall  f1-score   support\n\nBackground/Non-drone       0.92      0.98      0.95        86\n               Drone       1.00      0.99      0.99       613\n\n            accuracy                           0.99       699\n           macro avg       0.96      0.98      0.97       699\n        weighted avg       0.99      0.99      0.99       699\n",
  "model": "smallrf",
  "dataset": "cagedronerf",
  "task": "binary",
  "epochs": 20,
  "best_val_f1": 0.9804955290611028,
  "param_count": 154978
}