{
  "AR Drone": {
    "MSP": {
      "auroc": 0.5650588749356347,
      "aupr": 0.8433883183926828,
      "fpr_at_95tpr": 0.9094922737306843
    },
    "Energy": {
      "auroc": 0.5755985361265831,
      "aupr": 0.8479949639275264,
      "fpr_at_95tpr": 0.9359823399558499
    },
    "Mahalanobis": {
      "auroc": 0.37892100249014427,
      "aupr": 0.6972908734122973,
      "fpr_at_95tpr": 0.9867549668874173
    }
  },
  "Bepop Drone": {
    "MSP": {
      "auroc": 0.7191676128564861,
      "aupr": 0.9112262590130695,
      "fpr_at_95tpr": 0.977924944812362
    },
    "Energy": {
      "auroc": 0.7367301953942891,
      "aupr": 0.9177422387698333,
      "fpr_at_95tpr": 0.9735099337748344
    },
    "Mahalanobis": {
      "auroc": 0.35015845633800985,
      "aupr": 0.7003151684081009,
      "fpr_at_95tpr": 0.9823399558498896
    }
  },
  "Phantom Drone": {
    "MSP": {
      "auroc": 0.3846826081377198,
      "aupr": 0.665447467167133,
      "fpr_at_95tpr": 0.9315673289183223
    },
    "Energy": {
      "auroc": 0.41202383911037044,
      "aupr": 0.7291222990590233,
      "fpr_at_95tpr": 0.9293598233995585
    },
    "Mahalanobis": {
      "auroc": 0.7976469518068571,
      "aupr": 0.9288277241303056,
      "fpr_at_95tpr": 0.8653421633554084
    }
  }
}