{
  "smallrf": {
    "AR Drone": {
      "MSP": {
        "auroc": 0.3207063692788003,
        "aupr": 0.7236571054570791,
        "fpr_at_95tpr": 0.9933774834437086
      },
      "Energy": {
        "auroc": 0.7567829221265474,
        "aupr": 0.9232424362736088,
        "fpr_at_95tpr": 0.8543046357615894
      },
      "Mahalanobis": {
        "auroc": 0.3266474667290421,
        "aupr": 0.6730499993228782,
        "fpr_at_95tpr": 1.0
      },
      "OpenMax": {
        "auroc": 0.7663016729285753,
        "aupr": 0.9262675340866325,
        "fpr_at_95tpr": 0.8675496688741722
      }
    },
    "Bepop Drone": {
      "MSP": {
        "auroc": 0.825102700173969,
        "aupr": 0.9455806897592025,
        "fpr_at_95tpr": 0.8498896247240618
      },
      "Energy": {
        "auroc": 0.8365227645960948,
        "aupr": 0.9479714869483324,
        "fpr_at_95tpr": 0.9183222958057395
      },
      "Mahalanobis": {
        "auroc": 0.49458844397662866,
        "aupr": 0.7841900762728589,
        "fpr_at_95tpr": 0.9889624724061811
      },
      "OpenMax": {
        "auroc": 0.8188115530995229,
        "aupr": 0.93231666141191,
        "fpr_at_95tpr": 0.9094922737306843
      }
    },
    "Phantom Drone": {
      "MSP": {
        "auroc": 0.2968964973920897,
        "aupr": 0.615694732904132,
        "fpr_at_95tpr": 0.9205298013245033
      },
      "Energy": {
        "auroc": 0.2059006508811342,
        "aupr": 0.5942919253396299,
        "fpr_at_95tpr": 0.9867549668874173
      },
      "Mahalanobis": {
        "auroc": 0.8610392331720343,
        "aupr": 0.9373655843365813,
        "fpr_at_95tpr": 0.33995584988962474
      },
      "OpenMax": {
        "auroc": 0.14612013443205057,
        "aupr": 0.5727382203477447,
        "fpr_at_95tpr": 0.9911699779249448
      }
    }
  },
  "resnet": {
    "AR Drone": {
      "MSP": {
        "auroc": 0.4127344967001122,
        "aupr": 0.7461222425873244,
        "fpr_at_95tpr": 0.9580573951434879
      },
      "Energy": {
        "auroc": 0.3017931312304366,
        "aupr": 0.6879616551812738,
        "fpr_at_95tpr": 1.0
      },
      "Mahalanobis": {
        "auroc": 0.3838054536269526,
        "aupr": 0.6792012473503444,
        "fpr_at_95tpr": 0.9690949227373068
      },
      "OpenMax": {
        "auroc": 0.4780069750027208,
        "aupr": 0.7953571643533678,
        "fpr_at_95tpr": 0.9558498896247241
      }
    },
    "Bepop Drone": {
      "MSP": {
        "auroc": 0.6635836309973409,
        "aupr": 0.8615046036305998,
        "fpr_at_95tpr": 0.9161147902869757
      },
      "Energy": {
        "auroc": 0.7274372306607735,
        "aupr": 0.8911526792220452,
        "fpr_at_95tpr": 0.8101545253863135
      },
      "Mahalanobis": {
        "auroc": 0.3633498855638235,
        "aupr": 0.6994729367297924,
        "fpr_at_95tpr": 0.9933774834437086
      },
      "OpenMax": {
        "auroc": 0.5380303333024705,
        "aupr": 0.7967599057322295,
        "fpr_at_95tpr": 0.9955849889624724
      }
    },
    "Phantom Drone": {
      "MSP": {
        "auroc": 0.2324134581491715,
        "aupr": 0.5991670024964799,
        "fpr_at_95tpr": 0.9735099337748344
      },
      "Energy": {
        "auroc": 0.29296473351558655,
        "aupr": 0.6175895415941492,
        "fpr_at_95tpr": 0.9403973509933775
      },
      "Mahalanobis": {
        "auroc": 0.7206214152400723,
        "aupr": 0.8827490568164158,
        "fpr_at_95tpr": 0.9072847682119205
      },
      "OpenMax": {
        "auroc": 0.22406749541524332,
        "aupr": 0.5933056021908492,
        "fpr_at_95tpr": 1.0
      }
    }
  },
  "transformer": {
    "AR Drone": {
      "MSP": {
        "auroc": 0.3504142930703169,
        "aupr": 0.6843640517284332,
        "fpr_at_95tpr": 0.9713024282560706
      },
      "Energy": {
        "auroc": 0.4455977401900826,
        "aupr": 0.7840812821944506,
        "fpr_at_95tpr": 0.9536423841059603
      },
      "Mahalanobis": {
        "auroc": 0.42355679656675227,
        "aupr": 0.70250261919738,
        "fpr_at_95tpr": 0.9580573951434879
      },
      "OpenMax": {
        "auroc": 0.4237062377056237,
        "aupr": 0.7469537936394375,
        "fpr_at_95tpr": 0.9403973509933775
      }
    },
    "Bepop Drone": {
      "MSP": {
        "auroc": 0.741417286766175,
        "aupr": 0.9145562896519694,
        "fpr_at_95tpr": 0.9072847682119205
      },
      "Energy": {
        "auroc": 0.9239409577552642,
        "aupr": 0.9788564999639788,
        "fpr_at_95tpr": 0.7880794701986755
      },
      "Mahalanobis": {
        "auroc": 0.6124016652940822,
        "aupr": 0.8557626242464005,
        "fpr_at_95tpr": 0.9757174392935982
      },
      "OpenMax": {
        "auroc": 0.49901157681518193,
        "aupr": 0.7139177439150104,
        "fpr_at_95tpr": 1.0
      }
    },
    "Phantom Drone": {
      "MSP": {
        "auroc": 0.5000511673464614,
        "aupr": 0.7793581859225844,
        "fpr_at_95tpr": 0.9536423841059603
      },
      "Energy": {
        "auroc": 0.4407474006175818,
        "aupr": 0.773032057604443,
        "fpr_at_95tpr": 0.9580573951434879
      },
      "Mahalanobis": {
        "auroc": 0.46274123779496346,
        "aupr": 0.7466410418426468,
        "fpr_at_95tpr": 0.9690949227373068
      },
      "OpenMax": {
        "auroc": 0.4013696605249607,
        "aupr": 0.705157880966785,
        "fpr_at_95tpr": 0.9977924944812362
      }
    }
  },
  "efficientnet": {
    "AR Drone": {
      "MSP": {
        "auroc": 0.3098329020656989,
        "aupr": 0.6588723934479475,
        "fpr_at_95tpr": 0.9955849889624724
      },
      "Energy": {
        "auroc": 0.21612437401218593,
        "aupr": 0.5983719066086721,
        "fpr_at_95tpr": 0.9977924944812362
      },
      "Mahalanobis": {
        "auroc": 0.45199771939827205,
        "aupr": 0.7609772342419615,
        "fpr_at_95tpr": 0.977924944812362
      },
      "OpenMax": {
        "auroc": 0.4307819507591447,
        "aupr": 0.7597885758243454,
        "fpr_at_95tpr": 0.9867549668874173
      }
    },
    "Bepop Drone": {
      "MSP": {
        "auroc": 0.6691226992968144,
        "aupr": 0.857096407003229,
        "fpr_at_95tpr": 0.8984547461368654
      },
      "Energy": {
        "auroc": 0.7914142816997956,
        "aupr": 0.9302444651315258,
        "fpr_at_95tpr": 0.7549668874172185
      },
      "Mahalanobis": {
        "auroc": 0.42286319475916423,
        "aupr": 0.7075534579712183,
        "fpr_at_95tpr": 0.9558498896247241
      },
      "OpenMax": {
        "auroc": 0.459987947247278,
        "aupr": 0.7279555090927838,
        "fpr_at_95tpr": 1.0
      }
    },
    "Phantom Drone": {
      "MSP": {
        "auroc": 0.3582136585952208,
        "aupr": 0.6723503208633388,
        "fpr_at_95tpr": 0.9668874172185431
      },
      "Energy": {
        "auroc": 0.45687729745446515,
        "aupr": 0.736936558170584,
        "fpr_at_95tpr": 0.9381898454746137
      },
      "Mahalanobis": {
        "auroc": 0.6462370883668195,
        "aupr": 0.7928753424156997,
        "fpr_at_95tpr": 0.8520971302428256
      },
      "OpenMax": {
        "auroc": 0.3189577455179841,
        "aupr": 0.6405891865258995,
        "fpr_at_95tpr": 1.0
      }
    }
  },
  "ast": {
    "AR Drone": {
      "MSP": {
        "auroc": 0.4359206142680552,
        "aupr": 0.772125691393092,
        "fpr_at_95tpr": 0.9735099337748344
      },
      "Energy": {
        "auroc": 0.46715624883249107,
        "aupr": 0.7643003199013434,
        "fpr_at_95tpr": 0.9050772626931567
      },
      "Mahalanobis": {
        "auroc": 0.6817553486120654,
        "aupr": 0.8802970067686587,
        "fpr_at_95tpr": 0.9205298013245033
      },
      "OpenMax": {
        "auroc": 0.43021342468735124,
        "aupr": 0.7443819377094112,
        "fpr_at_95tpr": 0.9006622516556292
      }
    },
    "Bepop Drone": {
      "MSP": {
        "auroc": 0.7706216588941031,
        "aupr": 0.9266692620227831,
        "fpr_at_95tpr": 0.9006622516556292
      },