{
  "clean": {
    "accuracy": 0.9899856938483548,
    "macro_f1": 0.988858284366404
  },
  "snr_30dB": {
    "accuracy": 0.9899856938483548,
    "macro_f1": 0.988858284366404
  },
  "snr_20dB": {
    "accuracy": 0.9885550786838341,
    "macro_f1": 0.9875437698558561
  },
  "snr_10dB": {
    "accuracy": 0.8741058655221745,
    "macro_f1": 0.8794039632540924
  },
  "snr_5dB": {
    "accuracy": 0.41487839771101576,
    "macro_f1": 0.40476219344319636
  },
  "snr_0dB": {
    "accuracy": 0.21602288984263232,
    "macro_f1": 0.12756971813378618
  },
  "snr_-5dB": {
    "accuracy": 0.034334763948497854,
    "macro_f1": 0.005544332210998878
  },
  "snr_-10dB": {
    "accuracy": 0.032904148783977114,
    "macro_f1": 0.00239284228048273
  }
}