{
  "DroneRF": {
    "accuracy": 0.8962472406181016,
    "macro_f1": 0.8642233545268447,
    "roc_auc": 0.9503018873441224
  },
  "RFUAV": {
    "accuracy": 0.9991197183098591,
    "macro_f1": 0.4997798326728313,
    "roc_auc": NaN
  },
  "CageDroneRF": {
    "accuracy": 0.9685264663805436,
    "macro_f1": 0.9188033285460844,
    "roc_auc": 0.9582780075116658
  }
}