{
  "clean": {
    "accuracy": 0.9914163090128756,
    "macro_f1": 0.9806870510222877
  },
  "snr_30dB": {
    "accuracy": 0.9914163090128756,
    "macro_f1": 0.9806870510222877
  },
  "snr_20dB": {
    "accuracy": 0.9885550786838341,
    "macro_f1": 0.9744937055281884
  },
  "snr_10dB": {
    "accuracy": 0.9313304721030042,
    "macro_f1": 0.8705355764778515
  },
  "snr_5dB": {
    "accuracy": 0.6266094420600858,
    "macro_f1": 0.5633811580849358
  },
  "snr_0dB": {
    "accuracy": 0.7582260371959942,
    "macro_f1": 0.6216187648341933
  },
  "snr_-5dB": {
    "accuracy": 0.876967095851216,
    "macro_f1": 0.46722560975609756
  },
  "snr_-10dB": {
    "accuracy": 0.876967095851216,
    "macro_f1": 0.46722560975609756
  }
}