{
  "clean": {
    "accuracy": 0.8934878587196468,
    "macro_f1": 0.8922131788503318
  },
  "snr_30dB": {
    "accuracy": 0.8945916114790287,
    "macro_f1": 0.8932413831563073
  },
  "snr_20dB": {
    "accuracy": 0.8923841059602649,
    "macro_f1": 0.8910532705660678
  },
  "snr_10dB": {
    "accuracy": 0.8995584988962473,
    "macro_f1": 0.8985411928643947
  },
  "snr_5dB": {
    "accuracy": 0.8956953642384106,
    "macro_f1": 0.8962015309248568
  },
  "snr_0dB": {
    "accuracy": 0.7362030905077263,
    "macro_f1": 0.7364703062801351
  },
  "snr_-5dB": {
    "accuracy": 0.25,
    "macro_f1": 0.1
  },
  "snr_-10dB": {
    "accuracy": 0.25,
    "macro_f1": 0.1
  }
}