{
  "accuracy": 0.9078366445916115,
  "balanced_accuracy": 0.9078366445916115,
  "macro_f1": 0.9074555170951426,
  "weighted_f1": 0.9074555170951427,
  "macro_precision": 0.9155800909746783,
  "macro_recall": 0.9078366445916115,
  "cohen_kappa": 0.8771155261221486,
  "mcc": 0.8797830263557433,
  "roc_auc_ovr": 0.9943598152777575,
  "ece": 0.05126703374301622,
  "classification_report": "               precision    recall  f1-score   support\n\n   Background       1.00      0.83      0.90       453\n     AR Drone       0.85      1.00      0.92       453\n  Bepop Drone       0.94      0.86      0.90       453\nPhantom Drone       0.87      0.95      0.91       453\n\n     accuracy                           0.91      1812\n    macro avg       0.92      0.91      0.91      1812\n weighted avg       0.92      0.91      0.91      1812\n",
  "model": "smallrf",
  "dataset": "dronerf",
  "task": "multiclass",
  "epochs": 20,
  "best_val_f1": 0.9988962418619157,
  "param_count": 155236
}