{
  "accuracy": 0.9332229580573952,
  "macro_f1": 0.9016196157703327,
  "weighted_f1": 0.9294994873497665,
  "macro_precision": 0.9591216216216216,
  "macro_recall": 0.8664459161147903,
  "roc_auc": 0.9800122476759466,
  "pr_auc": 0.9912624393560511,
  "false_positive_rate": 0.2671081677704194,
  "false_negative_rate": 0.0
}