{
  "clean": {
    "accuracy": 0.9797535211267606,
    "macro_f1": 0.9754408341869428
  },
  "snr_30dB": {
    "accuracy": 0.9797535211267606,
    "macro_f1": 0.9754408341869428
  },
  "snr_20dB": {
    "accuracy": 0.9779929577464789,
    "macro_f1": 0.9737195612709361
  },
  "snr_10dB": {
    "accuracy": 0.8591549295774648,
    "macro_f1": 0.8306622483313463
  },
  "snr_5dB": {
    "accuracy": 0.3573943661971831,
    "macro_f1": 0.28562942851790546
  },
  "snr_0dB": {
    "accuracy": 0.03961267605633803,
    "macro_f1": 0.005283027395350409
  },
  "snr_-5dB": {
    "accuracy": 0.045774647887323945,
    "macro_f1": 0.01472499301553151
  },
  "snr_-10dB": {
    "accuracy": 0.05897887323943662,
    "macro_f1": 0.0030104917885466513
  }
}