{
  "clean": {
    "accuracy": 0.9971387696709585,
    "macro_f1": 0.9933033148112665
  },
  "snr_30dB": {
    "accuracy": 0.9971387696709585,
    "macro_f1": 0.9933033148112665
  },
  "snr_20dB": {
    "accuracy": 0.9971387696709585,
    "macro_f1": 0.9933033148112665
  },
  "snr_10dB": {
    "accuracy": 0.9856938483547926,
    "macro_f1": 0.9681171319102353
  },
  "snr_5dB": {
    "accuracy": 0.703862660944206,
    "macro_f1": 0.6240929862801591
  },
  "snr_0dB": {
    "accuracy": 0.6251788268955651,
    "macro_f1": 0.51851403933116
  },
  "snr_-5dB": {
    "accuracy": 0.7381974248927039,
    "macro_f1": 0.4638874103629071
  },
  "snr_-10dB": {
    "accuracy": 0.8311874105865522,
    "macro_f1": 0.46216744913928015
  }
}