{
  "accuracy": 0.2948943661971831,
  "macro_f1": 0.22773623385452074,
  "weighted_f1": 0.4554724677090415,
  "macro_precision": 0.5,
  "macro_recall": 0.14744718309859156,
  "false_positive_rate": 0.0,
  "false_negative_rate": 0.7051056338028169
}