{
  "accuracy": 0.9914163090128756,
  "macro_f1": 0.9794926459083085,
  "weighted_f1": 0.9912820839122611,
  "macro_precision": 0.9951534733441034,
  "macro_recall": 0.9651162790697674,
  "roc_auc": 0.9998861868811412,
  "pr_auc": 0.9999840585654491,
  "false_positive_rate": 0.06976744186046512,
  "false_negative_rate": 0.0
}