{
  "accuracy": 0.967439293598234,
  "macro_f1": 0.9545482180110785,
  "weighted_f1": 0.966651134572698,
  "macro_precision": 0.9791960507757405,
  "macro_recall": 0.934878587196468,
  "roc_auc": 0.9994168546863604,
  "pr_auc": 0.9998076960080868,
  "false_positive_rate": 0.13024282560706402,
  "false_negative_rate": 0.0
}