{
  "accuracy": 0.8796909492273731,
  "balanced_accuracy": 0.879690949227373,
  "macro_f1": 0.877350002737345,
  "weighted_f1": 0.8773500027373449,
  "macro_precision": 0.9022673577221927,
  "macro_recall": 0.879690949227373,
  "cohen_kappa": 0.8395879323031641,
  "mcc": 0.8480240120926227,
  "roc_auc_ovr": 0.9949043820365254,
  "ece": 0.07706137774532731,
  "classification_report": "               precision    recall  f1-score   support\n\n   Background       1.00      0.66      0.80       453\n     AR Drone       0.74      1.00      0.85       453\n  Bepop Drone       0.96      0.90      0.93       453\nPhantom Drone       0.91      0.96      0.94       453\n\n     accuracy                           0.88      1812\n    macro avg       0.90      0.88      0.88      1812\n weighted avg       0.90      0.88      0.88      1812\n",
  "model": "conformer",
  "dataset": "dronerf",
  "task": "multiclass",
  "epochs": 20,
  "best_val_f1": 0.9779094433472314,
  "param_count": 1566404
}