{
  "DroneRF": {
    "clean": {
      "accuracy": 0.9293598233995585,
      "macro_f1": 0.9290366041087534
    },
    "snr_30dB": {
      "accuracy": 0.9310154525386314,
      "macro_f1": 0.9307363054020465
    },
    "snr_20dB": {
      "accuracy": 0.9310154525386314,
      "macro_f1": 0.9307490682575591
    },
    "snr_10dB": {
      "accuracy": 0.9442604856512141,
      "macro_f1": 0.9441009035109243
    },
    "snr_5dB": {
      "accuracy": 0.9326710816777042,
      "macro_f1": 0.933256254616694
    },
    "snr_0dB": {
      "accuracy": 0.727924944812362,
      "macro_f1": 0.7158829057031707
    },
    "snr_-5dB": {
      "accuracy": 0.4470198675496689,
      "macro_f1": 0.38108500697301523
    },
    "snr_-10dB": {
      "accuracy": 0.25055187637969095,
      "macro_f1": 0.10139696537913505
    }
  },
  "CageDroneRF": {
    "clean": {
      "accuracy": 0.994277539341917,
      "macro_f1": 0.9955615312050136
    },
    "snr_30dB": {
      "accuracy": 0.994277539341917,
      "macro_f1": 0.9955615312050136
    },
    "snr_20dB": {
      "accuracy": 0.994277539341917,
      "macro_f1": 0.9955615312050136
    },
    "snr_10dB": {
      "accuracy": 0.9313304721030042,
      "macro_f1": 0.924458518850437
    },
    "snr_5dB": {
      "accuracy": 0.5693848354792561,
      "macro_f1": 0.5174049300292869
    },
    "snr_0dB": {
      "accuracy": 0.21745350500715308,
      "macro_f1": 0.17254609449606198
    },
    "snr_-5dB": {
      "accuracy": 0.055793991416309016,
      "macro_f1": 0.003914483589280337
    },
    "snr_-10dB": {
      "accuracy": 0.055793991416309016,
      "macro_f1": 0.003914483589280337
    }
  },
  "RFUAV": {
    "clean": {
      "accuracy": 0.9920774647887324,
      "macro_f1": 0.9903662633660817
    },
    "snr_30dB": {
      "accuracy": 0.9920774647887324,
      "macro_f1": 0.9903662633660817
    },
    "snr_20dB": {
      "accuracy": 0.9911971830985915,
      "macro_f1": 0.9897786498752423
    },
    "snr_10dB": {
      "accuracy": 0.9568661971830986,
      "macro_f1": 0.9413785126381161
    },
    "snr_5dB": {
      "accuracy": 0.8433098591549296,
      "macro_f1": 0.7929028980652699
    },
    "snr_0dB": {
      "accuracy": 0.1522887323943662,
      "macro_f1": 0.07399803259025589
    },
    "snr_-5dB": {
      "accuracy": 0.05545774647887324,
      "macro_f1": 0.014265078967572868
    },
    "snr_-10dB": {
      "accuracy": 0.04137323943661972,
      "macro_f1": 0.0021475406090790705
    }
  }
}