{
  "DroneRF": {
    "smallrf": {
      "clean": {
        "accuracy": 0.9078366445916115,
        "macro_f1": 0.9074555170951426
      },
      "snr_30dB": {
        "accuracy": 0.9078366445916115,
        "macro_f1": 0.9074555170951426
      },
      "snr_20dB": {
        "accuracy": 0.9144591611479028,
        "macro_f1": 0.914196245551917
      },
      "snr_10dB": {
        "accuracy": 0.9100441501103753,
        "macro_f1": 0.9103073210702157
      },
      "snr_5dB": {
        "accuracy": 0.6909492273730684,
        "macro_f1": 0.6767342401019287
      },
      "snr_0dB": {
        "accuracy": 0.47516556291390727,
        "macro_f1": 0.41459003378583065
      },
      "snr_-5dB": {
        "accuracy": 0.2726269315673289,
        "macro_f1": 0.14853956361020335
      },
      "snr_-10dB": {
        "accuracy": 0.3509933774834437,
        "macro_f1": 0.27763687016180216
      }
    },
    "resnet": {
      "clean": {
        "accuracy": 0.9039735099337748,
        "macro_f1": 0.9035323974837104
      },
      "snr_30dB": {
        "accuracy": 0.9039735099337748,
        "macro_f1": 0.9035471872315651
      },
      "snr_20dB": {
        "accuracy": 0.9045253863134658,
        "macro_f1": 0.9041365611203623
      },
      "snr_10dB": {
        "accuracy": 0.9028697571743929,
        "macro_f1": 0.9027728396756833
      },
      "snr_5dB": {
        "accuracy": 0.9067328918322296,
        "macro_f1": 0.9072153267429663
      },
      "snr_0dB": {
        "accuracy": 0.6324503311258278,
        "macro_f1": 0.6422246918808896
      },
      "snr_-5dB": {
        "accuracy": 0.29304635761589404,
        "macro_f1": 0.18212891710458515
      },
      "snr_-10dB": {
        "accuracy": 0.29635761589403975,
        "macro_f1": 0.19526959207309227
      }
    },
    "transformer": {
      "clean": {
        "accuracy": 0.9116997792494481,
        "macro_f1": 0.9114398374719138
      },
      "snr_30dB": {
        "accuracy": 0.9105960264900662,
        "macro_f1": 0.9103362640024141
      },
      "snr_20dB": {
        "accuracy": 0.9111479028697572,
        "macro_f1": 0.9108866448354351
      },
      "snr_10dB": {
        "accuracy": 0.9122516556291391,
        "macro_f1": 0.9122166375658258
      },
      "snr_5dB": {
        "accuracy": 0.8835540838852097,
        "macro_f1": 0.883361487952171
      },
      "snr_0dB": {
        "accuracy": 0.6937086092715232,
        "macro_f1": 0.6929595396396913
      },
      "snr_-5dB": {
        "accuracy": 0.358719646799117,
        "macro_f1": 0.2617265212824019
      },
      "snr_-10dB": {
        "accuracy": 0.27593818984547464,
        "macro_f1": 0.21537004774880547
      }
    },
    "efficientnet": {
      "clean": {
        "accuracy": 0.8934878587196468,
        "macro_f1": 0.8922131788503318
      },
      "snr_30dB": {
        "accuracy": 0.8945916114790287,
        "macro_f1": 0.8932413831563073
      },
      "snr_20dB": {
        "accuracy": 0.8923841059602649,
        "macro_f1": 0.8910532705660678
      },
      "snr_10dB": {
        "accuracy": 0.8995584988962473,
        "macro_f1": 0.8985411928643947
      },
      "snr_5dB": {
        "accuracy": 0.8956953642384106,
        "macro_f1": 0.8962015309248568
      },
      "snr_0dB": {
        "accuracy": 0.7362030905077263,
        "macro_f1": 0.7364703062801351
      },
      "snr_-5dB": {
        "accuracy": 0.25,
        "macro_f1": 0.1
      },
      "snr_-10dB": {
        "accuracy": 0.25,
        "macro_f1": 0.1
      }
    },
    "ast": {
      "clean": {
        "accuracy": 0.8167770419426048,
        "macro_f1": 0.816116385120907
      },
      "snr_30dB": {
        "accuracy": 0.8167770419426048,
        "macro_f1": 0.8159616861681465
      },
      "snr_20dB": {
        "accuracy": 0.815121412803532,
        "macro_f1": 0.8144669156374482
      },
      "snr_10dB": {
        "accuracy": 0.7947019867549668,
        "macro_f1": 0.7938276233825355
      },
      "snr_5dB": {
        "accuracy": 0.7770419426048565,
        "macro_f1": 0.7764762818322737
      },
      "snr_0dB": {
        "accuracy": 0.6821192052980133,
        "macro_f1": 0.6793057908696178
      },
      "snr_-5dB": {
        "accuracy": 0.5292494481236203,
        "macro_f1": 0.5131562365115632
      },
      "snr_-10dB": {
        "accuracy": 0.41280353200883,
        "macro_f1": 0.39217386625499673
      }
    },
    "conformer": {
      "clean": {
        "accuracy": 0.8796909492273731,
        "macro_f1": 0.877350002737345
      },
      "snr_30dB": {
        "accuracy": 0.8796909492273731,
        "macro_f1": 0.877350002737345
      },
      "snr_20dB": {
        "accuracy": 0.8780353200883002,
        "macro_f1": 0.8756138538980712
      },
      "snr_10dB": {
        "accuracy": 0.8465783664459161,
        "macro_f1": 0.8414110973776104
      },
      "snr_5dB": {
        "accuracy": 0.7643487858719646,
        "macro_f1": 0.740369267112186
      },
      "snr_0dB": {
        "accuracy": 0.6396247240618101,
        "macro_f1": 0.5630324350362961
      },
      "snr_-5dB": {
        "accuracy": 0.2588300220750552,
        "macro_f1": 0.12132049939357295
      },
      "snr_-10dB": {
        "accuracy": 0.25,
        "macro_f1": 0.1
      }
    },
    "cnn1d": {
      "clean": {
        "accuracy": 0.9133554083885209,
        "macro_f1": 0.9131108535675007
      },
      "snr_30dB": {
        "accuracy": 0.9172185430463576,
        "macro_f1": 0.9165480077434822
      },
      "snr_20dB": {
        "accuracy": 0.8796909492273731,
        "macro_f1": 0.8775055201863504
      },
      "snr_10dB": {
        "accuracy": 0.8112582781456954,
        "macro_f1": 0.8120705947032032
      },
      "snr_5dB": {
        "accuracy": 0.271523178807947,
        "macro_f1": 0.1418513111984731
      },
      "snr_0dB": {
        "accuracy": 0.25,
        "macro_f1": 0.1
      },
      "snr_-5dB": {
        "accuracy": 0.25,
        "macro_f1": 0.1
      },
      "snr_-10dB": {
        "accuracy": 0.25,
        "macro_f1": 0.1
      }
    }
  },
  "CageDroneRF": {
    "smallrf": {
      "clean": {
        "accuracy": 0.994277539341917,
        "macro_f1": 0.9958691605796844
      },
      "snr_30dB": {
        "accuracy": 0.9928469241773963,
        "macro_f1": 0.9945900745416045
      },
      "snr_20dB": {
        "accuracy": 0.9928469241773963,
        "macro_f1": 0.9945900745416045
      },
      "snr_10dB": {
        "accuracy": 0.7181688125894135,
        "macro_f1": 0.6701568562533496
      },
      "snr_5dB": {
        "accuracy": 0.2675250357653791,
        "macro_f1": 0.24351005688943872
      },
      "snr_0dB": {
        "accuracy": 0.11587982832618025,
        "macro_f1": 0.07799540632005263
      },
      "snr_-5dB": {
        "accuracy": 0.07582260371959942,
        "macro_f1": 0.032347359998141346
      },
      "snr_-10dB": {
        "accuracy": 0.09012875536480687,
        "macro_f1": 0.03442403833811396
      }
    },
    "resnet": {
      "clean": {
        "accuracy": 0.9971387696709585,
        "macro_f1": 0.9971549333251462
      },
      "snr_30dB": {
        "accuracy": 0.9971387696709585,
        "macro_f1": 0.9971549333251462
      },
      "snr_20dB": {
        "accuracy": 0.9971387696709585,
        "macro_f1": 0.9971549333251462
      },
      "snr_10dB": {
        "accuracy": 0.9413447782546495,
        "macro_f1": 0.9304232790439327
      },
      "snr_5dB": {
        "accuracy": 0.5722460658082976,
        "macro_f1": 0.5290050991715918
      },
      "snr_0dB": {
        "accuracy": 0.23319027181688126,
        "macro_f1": 0.19043784774627368
      },
      "snr_-5dB": {
        "accuracy": 0.06437768240343347,
        "macro_f1": 0.01430056907341236
      },
      "snr_-10dB": {
        "accuracy": 0.034334763948497854,
        "macro_f1": 0.0024588904256954047
      }
    },
    "transformer": {
      "clean": {
        "accuracy": 0.9899856938483548,
        "macro_f1": 0.988858284366404
      },