{
  "accuracy": 0.9971387696709585,
  "balanced_accuracy": 0.9883720930232558,
  "macro_f1": 0.9933033148112665,
  "weighted_f1": 0.9971242688964418,
  "macro_precision": 0.9983739837398373,
  "macro_recall": 0.9883720930232558,
  "cohen_kappa": 0.9866068862447548,
  "mcc": 0.9866953847005923,
  "roc_auc": 0.9999051557342843,
  "ece": 0.005059276186516015,
  "classification_report": "                      precision    recall  f1-score   support\n\nBackground/Non-drone       1.00      0.98      0.99        86\n               Drone       1.00      1.00      1.00       613\n\n            accuracy                           1.00       699\n           macro avg       1.00      0.99      0.99       699\n        weighted avg       1.00      1.00      1.00       699\n",
  "model": "resnet",
  "dataset": "cagedronerf",
  "task": "binary",
  "epochs": 20,
  "best_val_f1": 0.9967009958455234,
  "param_count": 696290
}