{
  "clean": {
    "accuracy": 0.9856938483547926,
    "macro_f1": 0.9865519615131257
  },
  "snr_30dB": {
    "accuracy": 0.9856938483547926,
    "macro_f1": 0.9865519615131257
  },
  "snr_20dB": {
    "accuracy": 0.9871244635193133,
    "macro_f1": 0.9881825406686731
  },
  "snr_10dB": {
    "accuracy": 0.9856938483547926,
    "macro_f1": 0.9856849120107676
  },
  "snr_5dB": {
    "accuracy": 0.9728183118741058,
    "macro_f1": 0.9749269653327796
  },
  "snr_0dB": {
    "accuracy": 0.9084406294706724,
    "macro_f1": 0.9080241232401945
  },
  "snr_-5dB": {
    "accuracy": 0.592274678111588,
    "macro_f1": 0.5901221056747761
  },
  "snr_-10dB": {
    "accuracy": 0.1988555078683834,
    "macro_f1": 0.16461038130206157
  }
}