{
  "clean": {
    "accuracy": 0.9392935982339956,
    "macro_f1": 0.9114561492042959
  },
  "snr_30dB": {
    "accuracy": 0.9403973509933775,
    "macro_f1": 0.913222546812892
  },
  "snr_20dB": {
    "accuracy": 0.9420529801324503,
    "macro_f1": 0.9158596918570172
  },
  "snr_10dB": {
    "accuracy": 0.967439293598234,
    "macro_f1": 0.9547702020127236
  },
  "snr_5dB": {
    "accuracy": 0.8068432671081678,
    "macro_f1": 0.786284751474305
  },
  "snr_0dB": {
    "accuracy": 0.29194260485651213,
    "macro_f1": 0.2599054824327529
  },
  "snr_-5dB": {
    "accuracy": 0.25,
    "macro_f1": 0.2
  },
  "snr_-10dB": {
    "accuracy": 0.25,
    "macro_f1": 0.2
  }
}