{
  "accuracy": 0.9885550786838341,
  "balanced_accuracy": 0.9924026590693258,
  "macro_f1": 0.9917292392357123,
  "weighted_f1": 0.9884655749586545,
  "macro_precision": 0.9913516816733192,
  "macro_recall": 0.9924026590693258,
  "cohen_kappa": 0.9880856757522621,
  "mcc": 0.9881088345784785,
  "roc_auc_ovr": 0.999817756599622,
  "ece": 0.009525917289253621,
  "classification_report": "                      precision    recall  f1-score   support\n\n         Autel_EXOII       0.93      1.00      0.96        39\n         Autel_Xstar       1.00      1.00      1.00        23\n             DJI_FPV       1.00      1.00      1.00        23\n        DJI_Inspire1       1.00      1.00      1.00        23\n        DJI_Inspire2       1.00      1.00      1.00        23\n       DJI_Mavic2Pro       0.97      0.95      0.96        39\n          DJI_Mavic3       1.00      1.00      1.00        24\n        DJI_MavicAir       1.00      1.00      1.00        23\n      DJI_MavicMini4       1.00      1.00      1.00        12\nDJI_MavicMini4-armed       1.00      1.00      1.00        24\n        DJI_MavicPro       1.00      1.00      1.00        24\n           DJI_Mini3       1.00      1.00      1.00        23\n     DJI_Mini3-armed       0.97      0.95      0.96        39\n     DJI_Phantom3Adv       1.00      1.00      1.00        39\n        DJI_Phantom4       1.00      1.00      1.00        24\n           DJI_Tello       1.00      1.00      1.00        24\n    HolyStone_HS110G       1.00      1.00      1.00        23\n    HolyStone_HS720E       1.00      1.00      1.00        24\n       Hubsan_X4_Air       1.00      1.00      1.00        23\n  Laptop_Wi-Fi_video       1.00      1.00      1.00        24\n        Parrot_Anafi       1.00      1.00      1.00        23\n   Quadcopter_KY601S       1.00      1.00      1.00        23\n   RadioMaster_TX16S       0.96      1.00      0.98        23\n         Ruko_F11GIM       1.00      1.00      1.00        23\n            Skydio_2       1.00      1.00      1.00        24\n      Yuneec_Q500-HD       0.96      1.00      0.98        24\n          background       0.97      0.90      0.93        39\n\n            accuracy                           0.99       699\n           macro avg       0.99      0.99      0.99       699\n        weighted avg       0.99      0.99      0.99       699\n",
  "model": "smallrf",
  "dataset": "cagedronerf",
  "task": "multiclass",
  "epochs": 20,
  "best_val_f1": 0.9895667435183154,
  "param_count": 158203
}