{
  "clean": {
    "accuracy": 0.9971387696709585,
    "macro_f1": 0.9933703858264729
  },
  "snr_30dB": {
    "accuracy": 0.9971387696709585,
    "macro_f1": 0.9933703858264729
  },
  "snr_20dB": {
    "accuracy": 0.9971387696709585,
    "macro_f1": 0.9933703858264729
  },
  "snr_10dB": {
    "accuracy": 0.994277539341917,
    "macro_f1": 0.9866066296225331
  },
  "snr_5dB": {
    "accuracy": 0.8497854077253219,
    "macro_f1": 0.758331385145258
  },
  "snr_0dB": {
    "accuracy": 0.13876967095851217,
    "macro_f1": 0.12873931623931623
  },
  "snr_-5dB": {
    "accuracy": 0.12303290414878398,
    "macro_f1": 0.10955414012738854
  },
  "snr_-10dB": {
    "accuracy": 0.12303290414878398,
    "macro_f1": 0.10955414012738854
  }
}