{
  "clean": {
    "accuracy": 0.9871244635193133,
    "macro_f1": 0.9708907675009371
  },
  "snr_30dB": {
    "accuracy": 0.9871244635193133,
    "macro_f1": 0.9708907675009371
  },
  "snr_20dB": {
    "accuracy": 0.9871244635193133,
    "macro_f1": 0.9708907675009371
  },
  "snr_10dB": {
    "accuracy": 0.9213161659513591,
    "macro_f1": 0.8532773590306268
  },
  "snr_5dB": {
    "accuracy": 0.6766809728183119,
    "macro_f1": 0.5889005704292792
  },
  "snr_0dB": {
    "accuracy": 0.7782546494992847,
    "macro_f1": 0.530032055591944
  },
  "snr_-5dB": {
    "accuracy": 0.8783977110157367,
    "macro_f1": 0.4790762513480102
  },
  "snr_-10dB": {
    "accuracy": 0.876967095851216,
    "macro_f1": 0.46722560975609756
  }
}