{
  "clean": {
    "accuracy": 0.8167770419426048,
    "macro_f1": 0.816116385120907
  },
  "snr_30dB": {
    "accuracy": 0.8167770419426048,
    "macro_f1": 0.8159616861681465
  },
  "snr_20dB": {
    "accuracy": 0.815121412803532,
    "macro_f1": 0.8144669156374482
  },
  "snr_10dB": {
    "accuracy": 0.7947019867549668,
    "macro_f1": 0.7938276233825355
  },
  "snr_5dB": {
    "accuracy": 0.7770419426048565,
    "macro_f1": 0.7764762818322737
  },
  "snr_0dB": {
    "accuracy": 0.6821192052980133,
    "macro_f1": 0.6793057908696178
  },
  "snr_-5dB": {
    "accuracy": 0.5292494481236203,
    "macro_f1": 0.5131562365115632
  },
  "snr_-10dB": {
    "accuracy": 0.41280353200883,
    "macro_f1": 0.39217386625499673
  }
}