{
  "clean": {
    "accuracy": 0.994277539341917,
    "macro_f1": 0.9958691605796844
  },
  "snr_30dB": {
    "accuracy": 0.9928469241773963,
    "macro_f1": 0.9945900745416045
  },
  "snr_20dB": {
    "accuracy": 0.9928469241773963,
    "macro_f1": 0.9945900745416045
  },
  "snr_10dB": {
    "accuracy": 0.7181688125894135,
    "macro_f1": 0.6701568562533496
  },
  "snr_5dB": {
    "accuracy": 0.2675250357653791,
    "macro_f1": 0.24351005688943872
  },
  "snr_0dB": {
    "accuracy": 0.11587982832618025,
    "macro_f1": 0.07799540632005263
  },
  "snr_-5dB": {
    "accuracy": 0.07582260371959942,
    "macro_f1": 0.032347359998141346
  },
  "snr_-10dB": {
    "accuracy": 0.09012875536480687,
    "macro_f1": 0.03442403833811396
  }
}