{
  "accuracy": 0.9116997792494481,
  "balanced_accuracy": 0.911699779249448,
  "macro_f1": 0.9114398374719138,
  "weighted_f1": 0.9114398374719138,
  "macro_precision": 0.9186923278616971,
  "macro_recall": 0.911699779249448,
  "cohen_kappa": 0.8822663723325975,
  "mcc": 0.8846326210496859,
  "roc_auc_ovr": 0.991133632865355,
  "ece": 0.07038349199373992,
  "classification_report": "               precision    recall  f1-score   support\n\n   Background       1.00      0.84      0.91       453\n     AR Drone       0.86      0.98      0.91       453\n  Bepop Drone       0.94      0.86      0.90       453\nPhantom Drone       0.88      0.97      0.92       453\n\n     accuracy                           0.91      1812\n    macro avg       0.92      0.91      0.91      1812\n weighted avg       0.92      0.91      0.91      1812\n",
  "model": "transformer",
  "dataset": "dronerf",
  "task": "multiclass",
  "epochs": 20,
  "best_val_f1": 0.9939268390134572,
  "param_count": 375492
}