{
  "dronerf_binary": {
    "accuracy": 0.9519867549668874,
    "balanced_accuracy": 0.9061810154525387,
    "macro_f1": 0.931731462535321,
    "weighted_f1": 0.9503244665302544,
    "macro_precision": 0.9668010752688172,
    "macro_recall": 0.9061810154525387,
    "cohen_kappa": 0.863849765258216,
    "mcc": 0.870874812512166,
    "classification_report": "              precision    recall  f1-score   support\n\n  Background       0.99      0.81      0.89       453\n       Drone       0.94      1.00      0.97      1359\n\n    accuracy                           0.95      1812\n   macro avg       0.97      0.91      0.93      1812\nweighted avg       0.95      0.95      0.95      1812\n",
    "roc_auc": 0.9983171628274914,
    "ece": 0.04173787040163087,
    "model": "ensemble_resnet+ast",
    "fusion": "average",
    "dataset": "dronerf",
    "task": "binary",
    "cnn_weights": "outputs/resnet_binary/models/best_model.pt",
    "tf_weights": "outputs/ast_binary/models/best_model.pt"
  },
  "dronerf_multiclass": {
    "accuracy": 0.8785871964679912,
    "balanced_accuracy": 0.8785871964679911,
    "macro_f1": 0.8778515596663068,
    "weighted_f1": 0.8778515596663067,
    "macro_precision": 0.890985993635826,
    "macro_recall": 0.8785871964679911,
    "cohen_kappa": 0.8381162619573216,
    "mcc": 0.842046192186326,
    "classification_report": "               precision    recall  f1-score   support\n\n   Background       1.00      0.74      0.85       453\n     AR Drone       0.78      0.92      0.85       453\n  Bepop Drone       0.89      0.88      0.89       453\nPhantom Drone       0.89      0.97      0.93       453\n\n     accuracy                           0.88      1812\n    macro avg       0.89      0.88      0.88      1812\n weighted avg       0.89      0.88      0.88      1812\n",
    "roc_auc_ovr": 0.9914453069797133,
    "ece": 0.08893150291827079,
    "model": "ensemble_resnet+ast",
    "fusion": "average",
    "dataset": "dronerf",
    "task": "multiclass",
    "cnn_weights": "outputs/resnet_multiclass/models/best_model.pt",
    "tf_weights": "outputs/ast_multiclass/models/best_model.pt"
  },
  "cagedronerf_binary": {
    "accuracy": 0.9957081545064378,
    "balanced_accuracy": 0.9875564323381008,
    "macro_f1": 0.9900055762879081,
    "weighted_f1": 0.9956973541689027,
    "macro_precision": 0.9924889825637095,
    "macro_recall": 0.9875564323381008,
    "cohen_kappa": 0.980011247843369,
    "mcc": 0.9800330021067318,
    "classification_report": "                      precision    recall  f1-score   support\n\nBackground/Non-drone       0.99      0.98      0.98        86\n               Drone       1.00      1.00      1.00       613\n\n            accuracy                           1.00       699\n           macro avg       0.99      0.99      0.99       699\n        weighted avg       1.00      1.00      1.00       699\n",
    "roc_auc": 0.9998861868811412,
    "ece": 0.00895400466837085,
    "model": "ensemble_resnet+ast",
    "fusion": "average",
    "dataset": "cagedronerf",
    "task": "binary",
    "cnn_weights": "outputs/cagedronerf_resnet_binary/models/best_model.pt",
    "tf_weights": "outputs/cagedronerf_ast_binary/models/best_model.pt"
  },
  "cagedronerf_multiclass": {
    "accuracy": 0.9985693848354793,
    "balanced_accuracy": 0.9990503323836657,
    "macro_f1": 0.9987309774543818,
    "weighted_f1": 0.9985753144368796,
    "macro_precision": 0.9984567901234569,
    "macro_recall": 0.9990503323836657,
    "cohen_kappa": 0.9985106618712394,
    "mcc": 0.9985127898821616,
    "classification_report": "                      precision    recall  f1-score   support\n\n         Autel_EXOII       1.00      1.00      1.00        39\n         Autel_Xstar       1.00      1.00      1.00        23\n             DJI_FPV       1.00      1.00      1.00        23\n        DJI_Inspire1       1.00      1.00      1.00        23\n        DJI_Inspire2       1.00      1.00      1.00        23\n       DJI_Mavic2Pro       1.00      1.00      1.00        39\n          DJI_Mavic3       1.00      1.00      1.00        24\n        DJI_MavicAir       1.00      1.00      1.00        23\n      DJI_MavicMini4       1.00      1.00      1.00        12\nDJI_MavicMini4-armed       1.00      1.00      1.00        24\n        DJI_MavicPro       1.00      1.00      1.00        24\n           DJI_Mini3       1.00      1.00      1.00        23\n     DJI_Mini3-armed       1.00      1.00      1.00        39\n     DJI_Phantom3Adv       1.00      1.00      1.00        39\n        DJI_Phantom4       1.00      1.00      1.00        24\n           DJI_Tello       1.00      1.00      1.00        24\n    HolyStone_HS110G       1.00      1.00      1.00        23\n    HolyStone_HS720E       1.00      1.00      1.00        24\n       Hubsan_X4_Air       1.00      1.00      1.00        23\n  Laptop_Wi-Fi_video       1.00      1.00      1.00        24\n        Parrot_Anafi       1.00      1.00      1.00        23\n   Quadcopter_KY601S       1.00      1.00      1.00        23\n   RadioMaster_TX16S       0.96      1.00      0.98        23\n         Ruko_F11GIM       1.00      1.00      1.00        23\n            Skydio_2       1.00      1.00      1.00        24\n      Yuneec_Q500-HD       1.00      1.00      1.00        24\n          background       1.00      0.97      0.99        39\n\n            accuracy                           1.00       699\n           macro avg       1.00      1.00      1.00       699\n        weighted avg       1.00      1.00      1.00       699\n",
    "roc_auc_ovr": 0.9999827814394889,
    "ece": 0.004514064655795076,
    "model": "ensemble_resnet+ast",
    "fusion": "average",
    "dataset": "cagedronerf",
    "task": "multiclass",
    "cnn_weights": "outputs/cagedronerf_resnet_multiclass/models/best_model.pt",
    "tf_weights": "outputs/cagedronerf_ast_multiclass/models/best_model.pt"
  },
  "rfuav_multiclass": {
    "accuracy": 0.9911971830985915,
    "balanced_accuracy": 0.987551514410782,
    "macro_f1": 0.9871484175120795,
    "weighted_f1": 0.9911852691457186,
    "macro_precision": 0.9876316820252747,
    "macro_recall": 0.987551514410782,
    "cohen_kappa": 0.9908280435797112,
    "mcc": 0.990840844133187,