{
  "accuracy": 0.9475717439293598,
  "macro_f1": 0.9245444459688876,
  "weighted_f1": 0.9453863360310133,
  "macro_precision": 0.9673314993122422,
  "macro_recall": 0.8951434878587197,
  "roc_auc": 0.9996475138354881,
  "pr_auc": 0.9998833728906573,
  "false_positive_rate": 0.2097130242825607,
  "false_negative_rate": 0.0
}