{
  "accuracy": 0.8755364806866953,
  "macro_f1": 0.4668192219679634,
  "weighted_f1": 0.818770194753538,
  "macro_precision": 0.4383954154727794,
  "macro_recall": 0.499184339314845,
  "roc_auc": 0.47065518418756397,
  "pr_auc": 0.8707424089267561,
  "false_positive_rate": 1.0,
  "false_negative_rate": 0.0016313213703099511
}