{
  "Skydio_2": {
    "MSP": {
      "auroc": 0.19070987654320987,
      "aupr": 0.9378143187457078,
      "fpr_at_95tpr": 1.0
    },
    "Energy": {
      "auroc": 0.2478395061728395,
      "aupr": 0.9460795779490755,
      "fpr_at_95tpr": 1.0
    },
    "Mahalanobis": {
      "auroc": 0.5081481481481482,
      "aupr": 0.9758291498504155,
      "fpr_at_95tpr": 1.0
    }
  },
  "Parrot_Anafi": {
    "MSP": {
      "auroc": 0.715204527913558,
      "aupr": 0.9871299543609652,
      "fpr_at_95tpr": 0.9565217391304348
    },
    "Energy": {
      "auroc": 0.6115255981476716,
      "aupr": 0.9767822299918384,
      "fpr_at_95tpr": 0.9130434782608695
    },
    "Mahalanobis": {
      "auroc": 0.7929637252379728,
      "aupr": 0.9921531587135662,
      "fpr_at_95tpr": 0.9565217391304348
    }
  },
  "background": {
    "MSP": {
      "auroc": 0.8407342657342657,
      "aupr": 0.9892051221192195,
      "fpr_at_95tpr": 0.8461538461538461
    },
    "Energy": {
      "auroc": 0.8821289821289822,
      "aupr": 0.9921336681764827,
      "fpr_at_95tpr": 0.6666666666666666
    },
    "Mahalanobis": {
      "auroc": 0.8553613053613054,
      "aupr": 0.990314992797818,
      "fpr_at_95tpr": 0.8205128205128205
    }
  },
  "Hubsan_X4_Air": {
    "MSP": {
      "auroc": 0.48829431438127097,
      "aupr": 0.9752407180526802,
      "fpr_at_95tpr": 1.0
    },
    "Energy": {
      "auroc": 0.49675199382557245,
      "aupr": 0.9761739265807474,
      "fpr_at_95tpr": 1.0
    },
    "Mahalanobis": {
      "auroc": 0.33644198610753795,
      "aupr": 0.9579973430939035,
      "fpr_at_95tpr": 1.0
    }
  },
  "DJI_Tello": {
    "MSP": {
      "auroc": 0.09805555555555555,
      "aupr": 0.9160849079217114,
      "fpr_at_95tpr": 1.0
    },
    "Energy": {
      "auroc": 0.22037037037037038,
      "aupr": 0.9392822701105994,
      "fpr_at_95tpr": 1.0
    },
    "Mahalanobis": {
      "auroc": 0.7970987654320989,
      "aupr": 0.990984219663051,
      "fpr_at_95tpr": 0.7916666666666666
    }
  }
}