{
  "smallrf": {
    "Skydio_2": {
      "MSP": {
        "auroc": 0.6217592592592592,
        "aupr": 0.9825656808116554,
        "fpr_at_95tpr": 1.0
      },
      "Energy": {
        "auroc": 0.5362345679012346,
        "aupr": 0.9781052851798702,
        "fpr_at_95tpr": 1.0
      },
      "Mahalanobis": {
        "auroc": 0.6852469135802469,
        "aupr": 0.9869700081698652,
        "fpr_at_95tpr": 1.0
      },
      "OpenMax": {
        "auroc": 0.6618518518518519,
        "aupr": 0.9850379050584434,
        "fpr_at_95tpr": 0.8333333333333334
      }
    },
    "Parrot_Anafi": {
      "MSP": {
        "auroc": 0.32981733985078465,
        "aupr": 0.9520600281089396,
        "fpr_at_95tpr": 1.0
      },
      "Energy": {
        "auroc": 0.35277849241059944,
        "aupr": 0.9509409441435419,
        "fpr_at_95tpr": 1.0
      },
      "Mahalanobis": {
        "auroc": 0.7433753537432468,
        "aupr": 0.9894525165657982,
        "fpr_at_95tpr": 0.9565217391304348
      },
      "OpenMax": {
        "auroc": 0.3364419861075379,
        "aupr": 0.9507668875871056,
        "fpr_at_95tpr": 0.9565217391304348
      }
    },
    "background": {
      "MSP": {
        "auroc": 0.8842657342657343,
        "aupr": 0.9923513472966699,
        "fpr_at_95tpr": 0.6923076923076923
      },
      "Energy": {
        "auroc": 0.8226107226107227,
        "aupr": 0.9867027481201129,
        "fpr_at_95tpr": 0.6666666666666666
      },
      "Mahalanobis": {
        "auroc": 0.9503108003108003,
        "aupr": 0.9969863588323051,
        "fpr_at_95tpr": 0.3076923076923077
      },
      "OpenMax": {
        "auroc": 0.6777777777777778,
        "aupr": 0.9703201035531197,
        "fpr_at_95tpr": 1.0
      }
    },
    "Hubsan_X4_Air": {
      "MSP": {
        "auroc": 0.151916645227682,
        "aupr": 0.9253594611380731,
        "fpr_at_95tpr": 1.0
      },
      "Energy": {
        "auroc": 0.3318754823771546,
        "aupr": 0.9624589588593422,
        "fpr_at_95tpr": 1.0
      },
      "Mahalanobis": {
        "auroc": 0.4412786210445073,
        "aupr": 0.9704679244391206,
        "fpr_at_95tpr": 1.0
      },
      "OpenMax": {
        "auroc": 0.3983792127604836,
        "aupr": 0.9641387616008814,
        "fpr_at_95tpr": 0.8695652173913043
      }
    },
    "DJI_Tello": {
      "MSP": {
        "auroc": 0.2639814814814815,
        "aupr": 0.9422182162375734,
        "fpr_at_95tpr": 0.9583333333333334
      },
      "Energy": {
        "auroc": 0.2322222222222222,
        "aupr": 0.9464108025411925,
        "fpr_at_95tpr": 1.0
      },
      "Mahalanobis": {
        "auroc": 0.7612962962962962,
        "aupr": 0.9903022744522104,
        "fpr_at_95tpr": 0.9583333333333334
      },
      "OpenMax": {
        "auroc": 0.33641975308641975,
        "aupr": 0.9571589381269279,
        "fpr_at_95tpr": 0.9583333333333334
      }
    }
  },
  "resnet": {
    "Skydio_2": {
      "MSP": {
        "auroc": 0.5047530864197531,
        "aupr": 0.9753594666163365,
        "fpr_at_95tpr": 1.0
      },
      "Energy": {
        "auroc": 0.47790123456790123,
        "aupr": 0.9735547241176532,
        "fpr_at_95tpr": 1.0
      },
      "Mahalanobis": {
        "auroc": 0.5374691358024691,
        "aupr": 0.9774820099203234,
        "fpr_at_95tpr": 1.0
      },
      "OpenMax": {
        "auroc": 0.5905555555555556,
        "aupr": 0.9811147749290436,
        "fpr_at_95tpr": 1.0
      }
    },
    "Parrot_Anafi": {
      "MSP": {
        "auroc": 0.619243632621559,
        "aupr": 0.9803529507630584,
        "fpr_at_95tpr": 0.9130434782608695
      },
      "Energy": {
        "auroc": 0.606573192693594,
        "aupr": 0.9771696265777119,
        "fpr_at_95tpr": 0.8695652173913043
      },
      "Mahalanobis": {
        "auroc": 0.8529071263184976,
        "aupr": 0.9946147777538433,
        "fpr_at_95tpr": 0.9130434782608695
      },
      "OpenMax": {
        "auroc": 0.6353871880627734,
        "aupr": 0.981964276610537,
        "fpr_at_95tpr": 0.9565217391304348
      }
    },
    "background": {
      "MSP": {
        "auroc": 0.8086635586635587,
        "aupr": 0.9869803993522778,
        "fpr_at_95tpr": 0.8205128205128205
      },
      "Energy": {
        "auroc": 0.8850815850815851,
        "aupr": 0.9921862187473416,
        "fpr_at_95tpr": 0.4358974358974359
      },
      "Mahalanobis": {
        "auroc": 0.8603341103341102,
        "aupr": 0.9908464387143241,
        "fpr_at_95tpr": 0.717948717948718
      },
      "OpenMax": {
        "auroc": 0.6566045066045066,
        "aupr": 0.9724025694736119,
        "fpr_at_95tpr": 1.0
      }
    },
    "Hubsan_X4_Air": {
      "MSP": {
        "auroc": 0.3863519423720093,
        "aupr": 0.9669537478346484,
        "fpr_at_95tpr": 1.0
      },
      "Energy": {
        "auroc": 0.5140854129148443,
        "aupr": 0.9778633952713646,
        "fpr_at_95tpr": 1.0
      },
      "Mahalanobis": {
        "auroc": 0.2798430666323643,
        "aupr": 0.95208826472246,
        "fpr_at_95tpr": 1.0
      },
      "OpenMax": {
        "auroc": 0.42243375353743245,
        "aupr": 0.9678371854520091,
        "fpr_at_95tpr": 0.9130434782608695
      }
    },
    "DJI_Tello": {
      "MSP": {
        "auroc": 0.29570987654320985,
        "aupr": 0.9510886121307277,
        "fpr_at_95tpr": 1.0
      },
      "Energy": {
        "auroc": 0.24919753086419755,
        "aupr": 0.9482817668071659,
        "fpr_at_95tpr": 1.0
      },
      "Mahalanobis": {
        "auroc": 0.7423456790123457,
        "aupr": 0.9884881253253673,
        "fpr_at_95tpr": 0.875
      },
      "OpenMax": {
        "auroc": 0.3296296296296296,
        "aupr": 0.9474637072486718,
        "fpr_at_95tpr": 0.9583333333333334
      }
    }
  },
  "transformer": {
    "Skydio_2": {
      "MSP": {
        "auroc": 0.39722222222222225,
        "aupr": 0.9612152951271072,
        "fpr_at_95tpr": 1.0
      },
      "Energy": {
        "auroc": 0.35345679012345677,
        "aupr": 0.95812742081438,
        "fpr_at_95tpr": 1.0
      },
      "Mahalanobis": {
        "auroc": 0.5158641975308642,
        "aupr": 0.976222079422237,
        "fpr_at_95tpr": 1.0
      },
      "OpenMax": {
        "auroc": 0.4521604938271605,
        "aupr": 0.9694004154060926,
        "fpr_at_95tpr": 0.9583333333333334
      }
    },
    "Parrot_Anafi": {
      "MSP": {
        "auroc": 0.46874196038075633,
        "aupr": 0.968666771701141,
        "fpr_at_95tpr": 0.9130434782608695
      },
      "Energy": {
        "auroc": 0.5145999485464369,
        "aupr": 0.9754051035782899,
        "fpr_at_95tpr": 0.9130434782608695
      },
      "Mahalanobis": {
        "auroc": 0.6160277849241059,
        "aupr": 0.9819289177150008,
        "fpr_at_95tpr": 0.9130434782608695
      },
      "OpenMax": {
        "auroc": 0.5005788525855416,
        "aupr": 0.9721254984081547,
        "fpr_at_95tpr": 0.8695652173913043
      }
    },
    "background": {
      "MSP": {
        "auroc": 0.7746503496503497,
        "aupr": 0.9842164212820057,
        "fpr_at_95tpr": 0.7948717948717948
      },
      "Energy": {
        "auroc": 0.8745532245532246,
        "aupr": 0.9919955033623966,
        "fpr_at_95tpr": 0.717948717948718
      },
      "Mahalanobis": {
        "auroc": 0.8685703185703186,
        "aupr": 0.9913995169928609,
        "fpr_at_95tpr": 0.717948717948718
      },
      "OpenMax": {
        "auroc": 0.5787101787101786,
        "aupr": 0.9609989907972316,
        "fpr_at_95tpr": 0.9230769230769231
      }
    },
    "Hubsan_X4_Air": {
      "MSP": {
        "auroc": 0.37966297916130687,
        "aupr": 0.9674364237580889,
        "fpr_at_95tpr": 1.0
      },
      "Energy": {
        "auroc": 0.44809621816310785,
        "aupr": 0.9728026880507921,
        "fpr_at_95tpr": 1.0
      },
      "Mahalanobis": {
        "auroc": 0.1674813480833548,
        "aupr": 0.9231163300994896,
        "fpr_at_95tpr": 1.0
      },
      "OpenMax": {
        "auroc": 0.3768973501414973,