{
  "clean": {
    "accuracy": 0.9850352112676056,
    "macro_f1": 0.9830185731551234
  },
  "snr_30dB": {
    "accuracy": 0.9841549295774648,
    "macro_f1": 0.9824310290893183
  },
  "snr_20dB": {
    "accuracy": 0.9788732394366197,
    "macro_f1": 0.9751301058217855
  },
  "snr_10dB": {
    "accuracy": 0.8952464788732394,
    "macro_f1": 0.8574574766960479
  },
  "snr_5dB": {
    "accuracy": 0.3873239436619718,
    "macro_f1": 0.25850417750631033
  },
  "snr_0dB": {
    "accuracy": 0.13204225352112675,
    "macro_f1": 0.05137973708541084
  },
  "snr_-5dB": {
    "accuracy": 0.040492957746478875,
    "macro_f1": 0.005430536335942546
  },
  "snr_-10dB": {
    "accuracy": 0.01936619718309859,
    "macro_f1": 0.0010278212525403536
  }
}